-- phpMyAdmin SQL Dump
-- version 5.2.0
-- https://www.phpmyadmin.net/
--
-- Host: 127.0.0.1
-- Generation Time: Apr 09, 2023 at 07:02 PM
-- Server version: 10.4.27-MariaDB
-- PHP Version: 8.1.12

SET SQL_MODE = "NO_AUTO_VALUE_ON_ZERO";
START TRANSACTION;
SET time_zone = "+00:00";


/*!40101 SET @OLD_CHARACTER_SET_CLIENT=@@CHARACTER_SET_CLIENT */;
/*!40101 SET @OLD_CHARACTER_SET_RESULTS=@@CHARACTER_SET_RESULTS */;
/*!40101 SET @OLD_COLLATION_CONNECTION=@@COLLATION_CONNECTION */;
/*!40101 SET NAMES utf8mb4 */;

--
-- Database: `minifacebook`
--

-- --------------------------------------------------------

--
-- Table structure for table `bookmarks`
--

CREATE TABLE `bookmarks` (
  `id` int(11) NOT NULL,
  `username` varchar(255) NOT NULL,
  `status` tinyint(1) DEFAULT NULL,
  `createdAt` datetime NOT NULL,
  `updatedAt` datetime NOT NULL
) ENGINE=InnoDB DEFAULT CHARSET=utf8mb4 COLLATE=utf8mb4_general_ci;

--
-- Dumping data for table `bookmarks`
--

INSERT INTO `bookmarks` (`id`, `username`, `status`, `createdAt`, `updatedAt`) VALUES
(4, 'Mikroskil', 1, '2023-04-07 16:22:00', '2023-04-07 16:22:00'),
(4, 'Nicholas', 0, '2023-02-12 09:34:07', '2023-02-12 09:36:37'),
(5, 'Mikroskil', 1, '2023-04-07 16:22:03', '2023-04-07 16:22:03'),
(10, 'Budi', 0, '2023-02-24 18:16:35', '2023-02-24 18:16:41'),
(11, 'Irman', 1, '2023-04-07 08:20:58', '2023-04-07 08:20:58'),
(11, 'Romano', 1, '2023-04-07 09:41:36', '2023-04-07 09:41:36'),
(12, 'Firman', 1, '2023-04-07 08:03:26', '2023-04-07 08:03:26'),
(12, 'Irman', 1, '2023-04-07 08:20:55', '2023-04-07 08:20:55'),
(12, 'Romano', 1, '2023-04-07 09:41:37', '2023-04-07 09:41:37'),
(16, 'Nicholas', 0, '2023-02-12 09:34:01', '2023-02-12 09:36:46'),
(17, 'Firman', 1, '2023-04-07 08:03:24', '2023-04-07 08:03:24'),
(17, 'Lala', 1, '2023-04-07 16:19:16', '2023-04-07 16:19:16'),
(17, 'Nicholas', 0, '2023-02-08 14:37:25', '2023-02-08 14:37:48'),
(18, 'Irman', 1, '2023-04-07 08:20:49', '2023-04-07 08:20:49'),
(18, 'Junior', 1, '2023-04-07 08:31:10', '2023-04-07 08:31:10'),
(19, 'Gigi', 1, '2023-04-07 07:58:52', '2023-04-07 07:58:52'),
(19, 'Irman', 1, '2023-04-07 08:20:43', '2023-04-07 08:20:43'),
(19, 'Nicholas', 0, '2023-02-06 15:08:32', '2023-02-08 14:36:15'),
(20, 'Firman', 1, '2023-04-07 08:03:14', '2023-04-07 08:03:14'),
(20, 'Gigi', 1, '2023-04-07 07:56:01', '2023-04-07 07:56:01'),
(20, 'Hansen', 1, '2023-04-07 16:14:35', '2023-04-07 16:14:35'),
(20, 'Mikroskil', 1, '2023-04-07 10:28:56', '2023-04-07 10:28:56'),
(20, 'Nicholas', 0, '2023-02-12 07:43:22', '2023-03-30 18:47:55'),
(21, 'Firman', 1, '2023-04-07 08:03:09', '2023-04-07 08:03:09'),
(21, 'Gigi', 1, '2023-04-07 07:55:57', '2023-04-07 07:55:57'),
(21, 'Irman', 1, '2023-04-07 08:20:36', '2023-04-07 08:20:36'),
(21, 'Junior', 1, '2023-04-07 08:30:40', '2023-04-07 08:30:40'),
(21, 'Lala', 1, '2023-04-07 08:52:55', '2023-04-07 08:52:55'),
(21, 'Mikroskil', 1, '2023-04-07 10:28:58', '2023-04-07 10:28:58'),
(21, 'Nicholas', 0, '2023-02-08 13:55:00', '2023-03-30 18:47:47'),
(22, 'Firman', 1, '2023-04-07 08:03:06', '2023-04-07 08:03:06'),
(22, 'Gigi', 1, '2023-04-07 07:55:50', '2023-04-07 07:55:50'),
(22, 'Junior', 1, '2023-04-07 08:30:30', '2023-04-07 08:30:30'),
(22, 'Kelvin', 1, '2023-04-07 08:49:12', '2023-04-07 08:49:12'),
(22, 'Lala', 1, '2023-04-07 08:52:50', '2023-04-07 08:52:50'),
(22, 'Mikroskil', 1, '2023-04-07 10:28:59', '2023-04-07 10:28:59'),
(22, 'Nicholas', 0, '2023-02-08 14:38:07', '2023-02-22 18:02:41'),
(23, 'Kelvin', 1, '2023-04-07 16:18:04', '2023-04-07 16:18:04'),
(23, 'Nicholas', 0, '2023-02-08 14:37:19', '2023-02-09 14:17:25'),
(24, 'Andi', 0, '2023-04-01 13:23:30', '2023-04-01 13:25:49'),
(24, 'Doni', 1, '2023-02-10 10:00:57', '2023-02-10 10:00:57'),
(24, 'Kelvin', 1, '2023-04-07 16:18:05', '2023-04-07 16:18:05'),
(24, 'Nicholas', 0, '2023-02-06 15:08:17', '2023-02-12 09:36:29'),
(26, 'Cheris', 1, '2023-04-07 09:45:56', '2023-04-07 09:45:56'),
(27, 'Cheris', 1, '2023-04-07 09:45:52', '2023-04-07 09:45:52'),
(27, 'Firman', 1, '2023-04-07 08:01:51', '2023-04-07 08:01:51'),
(27, 'Junior', 1, '2023-04-07 08:30:27', '2023-04-07 08:30:27'),
(28, 'Cheris', 1, '2023-04-07 11:24:08', '2023-04-07 11:24:08'),
(28, 'Firman', 1, '2023-04-07 08:01:46', '2023-04-07 08:01:46'),
(28, 'Romano', 1, '2023-04-07 09:42:17', '2023-04-07 09:42:17'),
(29, 'Irman', 1, '2023-04-07 08:20:30', '2023-04-07 08:20:30'),
(30, 'Irman', 1, '2023-04-07 08:20:24', '2023-04-07 08:20:24'),
(30, 'Lala', 1, '2023-04-07 09:02:58', '2023-04-07 09:02:58'),
(31, 'Cheris', 1, '2023-04-07 11:24:01', '2023-04-07 11:24:01'),
(31, 'Irman', 1, '2023-04-07 08:20:21', '2023-04-07 08:20:21'),
(31, 'Junior', 1, '2023-04-07 08:30:18', '2023-04-07 08:30:18'),
(31, 'Lala', 1, '2023-04-07 09:02:53', '2023-04-07 09:02:53'),
(31, 'Philip', 1, '2023-04-07 09:26:58', '2023-04-07 09:26:58'),
(32, 'Cheris', 1, '2023-04-07 11:23:59', '2023-04-07 11:23:59'),
(32, 'Kelvin', 1, '2023-04-07 08:49:54', '2023-04-07 08:49:54'),
(32, 'Lala', 1, '2023-04-07 08:53:18', '2023-04-07 08:53:18'),
(33, 'Cheris', 1, '2023-04-07 11:23:58', '2023-04-07 11:23:58'),
(33, 'Kelvin', 1, '2023-04-07 08:49:41', '2023-04-07 08:49:48'),
(33, 'Mikroskil', 1, '2023-04-07 10:27:36', '2023-04-07 10:27:36'),
(33, 'Mimin', 1, '2023-04-07 09:04:24', '2023-04-07 09:04:24'),
(34, 'Cheris', 1, '2023-04-07 11:23:34', '2023-04-07 11:23:34'),
(34, 'Junior', 1, '2023-04-07 08:30:14', '2023-04-07 08:30:14'),
(34, 'Kelvin', 1, '2023-04-07 08:49:31', '2023-04-07 08:49:31'),
(34, 'Mikroskil', 1, '2023-04-07 10:27:37', '2023-04-07 10:27:37'),
(34, 'Mimin', 1, '2023-04-07 09:04:14', '2023-04-07 09:04:14'),
(34, 'Philip', 1, '2023-04-07 09:26:54', '2023-04-07 09:26:54'),
(36, 'Cheris', 1, '2023-04-07 11:23:28', '2023-04-07 11:23:28'),
(36, 'Lala', 1, '2023-04-07 08:52:37', '2023-04-07 08:52:37'),
(36, 'Mimin', 1, '2023-04-07 09:04:28', '2023-04-07 09:04:28'),
(37, 'Cheris', 1, '2023-04-07 11:23:25', '2023-04-07 11:23:25'),
(37, 'Lala', 1, '2023-04-07 08:52:30', '2023-04-07 08:52:30'),
(37, 'Mimin', 1, '2023-04-07 09:04:09', '2023-04-07 09:04:09'),
(40, 'Cheris', 1, '2023-04-07 11:23:23', '2023-04-07 11:23:23'),
(40, 'Mimin', 1, '2023-04-07 09:08:28', '2023-04-07 09:08:28'),
(41, 'Philip', 1, '2023-04-07 09:26:47', '2023-04-07 09:26:47'),
(42, 'Philip', 1, '2023-04-07 09:26:45', '2023-04-07 09:26:45'),
(43, 'Mimin', 1, '2023-04-07 09:08:25', '2023-04-07 09:08:25'),
(43, 'Nicholas', 1, '2023-04-07 09:48:56', '2023-04-07 09:48:56'),
(44, 'Junior', 1, '2023-04-07 09:47:17', '2023-04-07 09:47:17'),
(44, 'Mimin', 1, '2023-04-07 09:04:06', '2023-04-07 09:04:06'),
(45, 'Irman', 1, '2023-04-07 16:15:26', '2023-04-07 16:15:26'),
(46, 'Irman', 1, '2023-04-07 16:15:22', '2023-04-07 16:15:22'),
(47, 'Ndimas', 1, '2023-04-07 11:03:19', '2023-04-07 11:03:19'),
(48, 'Andi', 1, '2023-04-07 09:44:08', '2023-04-07 09:44:08'),
(48, 'Gigi', 1, '2023-04-07 09:59:33', '2023-04-07 09:59:33'),
(48, 'Junior', 1, '2023-04-07 16:16:34', '2023-04-07 16:16:34'),
(48, 'Leonardo', 1, '2023-04-07 09:33:49', '2023-04-07 09:33:49'),
(48, 'Mimin', 1, '2023-04-07 09:52:48', '2023-04-07 09:52:48'),
(48, 'Ndimas', 1, '2023-04-07 11:03:21', '2023-04-07 11:03:21'),
(49, 'Gigi', 1, '2023-04-07 09:59:34', '2023-04-07 09:59:34'),
(49, 'Mimin', 1, '2023-04-07 09:52:49', '2023-04-07 09:52:49'),
(49, 'Philip', 1, '2023-04-07 09:26:42', '2023-04-07 09:26:42'),
(50, 'Junior', 1, '2023-04-07 09:47:03', '2023-04-07 09:47:03'),
(50, 'Mimin', 1, '2023-04-07 09:52:51', '2023-04-07 09:52:51'),
(50, 'Philip', 1, '2023-04-07 09:26:33', '2023-04-07 09:26:33'),
(51, 'Budi', 1, '2023-04-07 09:56:06', '2023-04-07 09:56:06'),
(51, 'Daisy', 1, '2023-04-07 10:43:34', '2023-04-07 10:43:34'),
(51, 'Doni', 1, '2023-04-07 11:29:09', '2023-04-07 11:29:09'),
(51, 'Firman', 1, '2023-04-07 09:54:28', '2023-04-07 09:54:28'),
(51, 'Leonardo', 1, '2023-04-07 09:34:04', '2023-04-07 09:34:04'),
(51, 'Mimin', 1, '2023-04-07 09:52:38', '2023-04-07 09:52:38'),
(51, 'Romano', 1, '2023-04-07 09:41:11', '2023-04-07 09:41:11'),
(52, 'Daisy', 1, '2023-04-07 10:43:31', '2023-04-07 10:43:31'),
(52, 'Doni', 1, '2023-04-07 11:29:11', '2023-04-07 11:29:11'),
(52, 'Ndimas', 1, '2023-04-07 11:02:00', '2023-04-07 11:02:00'),
(53, 'Daisy', 1, '2023-04-07 10:43:30', '2023-04-07 10:43:30'),
(53, 'Doni', 1, '2023-04-07 11:29:13', '2023-04-07 11:29:13'),
(53, 'Ndimas', 1, '2023-04-07 11:01:56', '2023-04-07 11:01:56'),
(54, 'Daisy', 1, '2023-04-07 10:43:25', '2023-04-07 10:43:25'),
(54, 'Irman', 1, '2023-04-07 16:15:36', '2023-04-07 16:15:36'),
(54, 'Ndimas', 1, '2023-04-07 11:01:53', '2023-04-07 11:01:53'),
(55, 'Daisy', 1, '2023-04-07 10:43:26', '2023-04-07 10:43:26'),
(55, 'Ndimas', 1, '2023-04-07 11:01:51', '2023-04-07 11:01:51'),
(55, 'Romano', 1, '2023-04-07 09:40:57', '2023-04-07 09:40:57'),
(56, 'Daisy', 1, '2023-04-07 10:43:27', '2023-04-07 10:43:27'),
(56, 'Firman', 1, '2023-04-07 11:32:42', '2023-04-07 11:32:42'),
(56, 'Mimin', 1, '2023-04-07 09:52:59', '2023-04-07 09:52:59'),
(56, 'Ndimas', 1, '2023-04-07 11:01:46', '2023-04-07 11:01:46'),
(57, 'Budi', 1, '2023-04-07 09:55:59', '2023-04-07 09:55:59'),
(57, 'Firman', 1, '2023-04-07 09:54:09', '2023-04-07 11:32:41'),
(57, 'Machine', 1, '2023-04-07 10:02:49', '2023-04-07 10:02:49'),
(57, 'Ndimas', 1, '2023-04-07 11:01:45', '2023-04-07 11:01:45'),
(58, 'Machine', 1, '2023-04-07 10:02:47', '2023-04-07 10:02:47'),
(58, 'Mikroskil', 1, '2023-04-07 10:21:50', '2023-04-07 10:21:50'),
(59, 'Budi', 1, '2023-04-07 09:55:55', '2023-04-07 09:55:55'),
(59, 'Byleth', 1, '2023-04-07 11:09:28', '2023-04-07 11:09:28'),
(59, 'Machine', 1, '2023-04-07 10:02:45', '2023-04-07 10:02:45'),
(59, 'Margaret', 1, '2023-04-07 11:14:25', '2023-04-07 11:14:25'),
(60, 'Budi', 1, '2023-04-07 09:55:53', '2023-04-07 09:55:53'),
(60, 'Byleth', 1, '2023-04-07 11:09:25', '2023-04-07 11:09:25'),
(60, 'Daisy', 1, '2023-04-07 10:37:56', '2023-04-07 10:37:56'),
(60, 'Machine', 1, '2023-04-07 10:02:43', '2023-04-07 10:02:43'),
(60, 'Margaret', 1, '2023-04-07 11:14:23', '2023-04-07 11:14:23'),
(61, 'Daisy', 1, '2023-04-07 10:37:47', '2023-04-07 10:37:47'),
(61, 'Junior', 1, '2023-04-07 16:16:55', '2023-04-07 16:16:55'),
(62, 'Daisy', 1, '2023-04-07 10:37:42', '2023-04-07 10:37:42'),
(62, 'Sylvain', 1, '2023-04-07 10:04:45', '2023-04-07 10:04:45'),
(63, 'Daisy', 1, '2023-04-07 10:37:44', '2023-04-07 10:37:44'),
(63, 'Ndimas', 1, '2023-04-07 11:00:48', '2023-04-07 11:00:48'),
(64, 'Byleth', 1, '2023-04-07 11:09:18', '2023-04-07 11:09:18'),
(64, 'Daisy', 1, '2023-04-07 10:37:45', '2023-04-07 10:37:45'),
(64, 'Firman', 1, '2023-04-07 11:32:28', '2023-04-07 11:32:28'),
(64, 'Ndimas', 1, '2023-04-07 11:00:46', '2023-04-07 11:00:46'),
(64, 'Semut', 1, '2023-04-07 10:59:27', '2023-04-07 10:59:27'),
(65, 'Byleth', 1, '2023-04-07 11:09:13', '2023-04-07 11:09:13'),
(65, 'Firman', 1, '2023-04-07 11:32:27', '2023-04-07 11:32:27'),
(65, 'Mikroskil', 1, '2023-04-07 10:21:42', '2023-04-07 10:21:42'),
(65, 'Ndimas', 1, '2023-04-07 11:00:44', '2023-04-07 11:00:44'),
(66, 'Budi', 1, '2023-04-07 11:20:14', '2023-04-07 11:20:14'),
(66, 'Byleth', 1, '2023-04-07 11:09:10', '2023-04-07 11:09:10'),
(66, 'Firman', 1, '2023-04-07 11:32:25', '2023-04-07 11:32:25'),
(66, 'Mikroskil', 1, '2023-04-07 10:21:43', '2023-04-07 10:21:43'),
(66, 'Ndimas', 1, '2023-04-07 11:00:41', '2023-04-07 11:00:41'),
(67, 'Byleth', 1, '2023-04-07 11:09:08', '2023-04-07 11:09:08'),
(67, 'Firman', 1, '2023-04-07 11:32:24', '2023-04-07 11:32:24'),
(67, 'Mikroskil', 1, '2023-04-07 10:21:44', '2023-04-07 10:29:50'),
(68, 'Byleth', 1, '2023-04-07 11:09:05', '2023-04-07 11:09:05'),
(68, 'Cici', 1, '2023-04-07 11:26:21', '2023-04-07 11:26:21'),
(68, 'Junior', 1, '2023-04-07 16:16:44', '2023-04-07 16:16:44'),
(69, 'Byleth', 1, '2023-04-07 11:08:58', '2023-04-07 11:08:58'),
(69, 'Daisy', 1, '2023-04-07 10:37:13', '2023-04-07 10:37:13'),
(70, 'Byleth', 1, '2023-04-07 11:09:01', '2023-04-07 11:09:01'),
(70, 'Semut', 1, '2023-04-07 10:59:15', '2023-04-07 10:59:15'),
(71, 'Byleth', 1, '2023-04-07 11:09:02', '2023-04-07 11:09:02'),
(71, 'Francis', 1, '2023-04-07 11:36:54', '2023-04-07 11:36:54'),
(71, 'Semut', 1, '2023-04-07 10:59:12', '2023-04-07 10:59:12'),
(72, 'Budi', 1, '2023-04-07 11:20:04', '2023-04-07 11:20:04'),
(72, 'Francis', 1, '2023-04-07 11:36:49', '2023-04-07 11:36:49'),
(72, 'Gigi', 1, '2023-04-07 11:37:46', '2023-04-07 11:37:46'),
(72, 'Semut', 1, '2023-04-07 10:59:10', '2023-04-07 10:59:10'),
(73, 'Gigi', 1, '2023-04-07 11:37:43', '2023-04-07 11:37:43'),
(73, 'Margaret', 1, '2023-04-07 11:13:57', '2023-04-07 11:13:57'),
(74, 'Gigi', 1, '2023-04-07 11:37:39', '2023-04-07 11:37:39'),
(74, 'Margaret', 1, '2023-04-07 11:13:55', '2023-04-07 11:13:55'),
(75, 'Andi', 1, '2023-04-07 11:19:24', '2023-04-07 11:19:24'),
(75, 'Byleth', 1, '2023-04-07 11:04:46', '2023-04-07 11:04:46'),
(75, 'Gigi', 1, '2023-04-07 11:37:37', '2023-04-07 11:37:37'),
(75, 'Margaret', 1, '2023-04-07 11:13:53', '2023-04-07 11:13:53'),
(76, 'Andi', 1, '2023-04-07 11:19:21', '2023-04-07 11:19:21'),
(76, 'Gigi', 1, '2023-04-07 11:37:35', '2023-04-07 11:37:35'),
(76, 'Margaret', 1, '2023-04-07 11:13:51', '2023-04-07 11:13:51'),
(77, 'Firman', 1, '2023-04-07 11:32:19', '2023-04-07 11:32:19'),
(77, 'Gigi', 1, '2023-04-07 11:37:29', '2023-04-07 11:37:29'),
(77, 'Margaret', 1, '2023-04-07 11:13:47', '2023-04-07 11:13:47'),
(78, 'Andi', 1, '2023-04-07 11:18:59', '2023-04-07 11:18:59'),
(78, 'Budi', 1, '2023-04-07 11:19:53', '2023-04-07 11:19:53'),
(78, 'Cheris', 1, '2023-04-07 11:21:01', '2023-04-07 11:21:01'),
(78, 'Firman', 1, '2023-04-07 11:32:16', '2023-04-07 11:32:16'),
(78, 'Francis', 1, '2023-04-07 11:36:11', '2023-04-07 11:36:11'),
(78, 'Gigi', 1, '2023-04-07 11:37:26', '2023-04-07 11:37:26'),
(78, 'Margaret', 1, '2023-04-07 11:13:45', '2023-04-07 11:13:45'),
(79, 'Andi', 1, '2023-04-07 11:18:55', '2023-04-07 11:18:55'),
(79, 'Budi', 1, '2023-04-07 11:19:52', '2023-04-07 11:19:52'),
(79, 'Cheris', 1, '2023-04-07 11:20:58', '2023-04-07 11:20:58'),
(79, 'Firman', 1, '2023-04-07 11:32:13', '2023-04-07 11:32:13'),
(79, 'Gigi', 1, '2023-04-07 11:37:23', '2023-04-07 11:37:23'),
(80, 'Andi', 1, '2023-04-07 11:18:53', '2023-04-07 11:18:53'),
(80, 'Cheris', 1, '2023-04-07 11:20:56', '2023-04-07 11:20:56'),
(80, 'Daisy', 1, '2023-04-07 16:09:54', '2023-04-07 16:09:54'),
(80, 'Firman', 1, '2023-04-07 11:32:12', '2023-04-07 11:32:12'),
(80, 'Francis', 1, '2023-04-07 11:33:53', '2023-04-07 11:33:53'),
(80, 'Gigi', 1, '2023-04-07 11:37:22', '2023-04-07 11:37:22'),
(81, 'Hansen', 1, '2023-04-07 16:13:09', '2023-04-07 16:13:09'),
(81, 'Kelvin', 1, '2023-04-07 16:17:33', '2023-04-07 16:17:33'),
(81, 'Machine', 1, '2023-04-07 16:20:19', '2023-04-07 16:20:19'),
(81, 'Nicholas', 0, '2023-04-08 19:52:57', '2023-04-08 19:53:31'),
(82, 'Kelvin', 1, '2023-04-07 16:17:34', '2023-04-07 16:17:34'),
(82, 'Leonardo', 1, '2023-04-07 16:19:38', '2023-04-07 16:19:38'),
(82, 'Margaret', 1, '2023-04-07 16:21:23', '2023-04-07 16:21:23'),
(83, 'Daisy', 1, '2023-04-07 16:09:47', '2023-04-07 16:09:47'),
(83, 'Hansen', 1, '2023-04-07 16:13:14', '2023-04-07 16:13:14'),
(83, 'Kelvin', 1, '2023-04-07 16:17:35', '2023-04-07 16:17:35'),
(83, 'Mikroskil', 1, '2023-04-07 16:21:47', '2023-04-07 16:21:47'),
(84, 'Junior', 1, '2023-04-07 16:16:21', '2023-04-07 16:16:21'),
(84, 'Kelvin', 1, '2023-04-07 16:17:36', '2023-04-07 16:17:36'),
(84, 'Mikroskil', 1, '2023-04-07 16:21:46', '2023-04-07 16:21:46'),
(84, 'Romano', 1, '2023-04-07 16:24:51', '2023-04-07 16:24:51'),
(85, 'Cheris', 1, '2023-04-07 16:24:22', '2023-04-07 16:24:22'),
(85, 'Nicholas', 1, '2023-04-07 16:24:36', '2023-04-07 16:24:36'),
(85, 'Orman', 1, '2023-04-07 16:23:45', '2023-04-07 16:23:45'),
(85, 'Romano', 1, '2023-04-07 16:24:50', '2023-04-07 16:24:50');

-- --------------------------------------------------------

--
-- Table structure for table `friends`
--

CREATE TABLE `friends` (
  `id` int(11) NOT NULL,
  `user1` varchar(255) DEFAULT NULL,
  `user2` varchar(255) DEFAULT NULL,
  `status` tinyint(1) DEFAULT NULL,
  `createdAt` datetime NOT NULL,
  `updatedAt` datetime NOT NULL
) ENGINE=InnoDB DEFAULT CHARSET=utf8mb4 COLLATE=utf8mb4_general_ci;

--
-- Dumping data for table `friends`
--

INSERT INTO `friends` (`id`, `user1`, `user2`, `status`, `createdAt`, `updatedAt`) VALUES
(8, 'Cici', 'Cheris', 1, '2023-02-14 02:24:40', '2023-02-14 02:25:03'),
(10, 'Andi', 'Cici', 1, '2023-02-15 22:47:40', '2023-02-16 00:22:32'),
(12, 'Cici', 'Richard', 1, '2023-02-15 23:38:49', '2023-02-16 00:23:14'),
(21, 'Francis', 'Cici', 1, '2023-02-24 17:54:50', '2023-02-24 17:55:06'),
(22, 'Doni', 'Nicholas', 1, '2023-02-24 17:55:55', '2023-02-24 17:56:13'),
(23, 'Andi', 'Budi', 1, '2023-02-24 18:14:08', '2023-02-24 18:14:35'),
(27, 'Andi', 'Doni', 1, '2023-04-01 13:25:28', '2023-04-01 13:26:46'),
(36, 'Nicholas', 'Richard', 1, '2023-04-02 14:49:03', '2023-04-02 14:56:46'),
(38, 'Nicholas', 'Andi', 1, '2023-04-02 14:52:53', '2023-04-02 14:54:11'),
(39, 'Richard', 'Cheris', 1, '2023-04-02 14:57:13', '2023-04-02 14:57:36'),
(40, 'Cheris', 'Doni', 1, '2023-04-02 14:59:53', '2023-04-02 15:00:17'),
(46, 'Nicholas', 'Cici', 1, '2023-04-02 19:26:12', '2023-04-02 19:26:45'),
(109, 'Gigi', 'Andi', 1, '2023-04-07 07:55:43', '2023-04-07 09:43:42'),
(110, 'Gigi', 'Budi', 1, '2023-04-07 07:58:43', '2023-04-07 09:56:14'),
(111, 'Gigi', 'Cheris', 1, '2023-04-07 07:58:44', '2023-04-07 09:45:19'),
(112, 'Firman', 'Gigi', 1, '2023-04-07 08:01:57', '2023-04-07 09:59:46'),
(113, 'Firman', 'Budi', 1, '2023-04-07 08:02:02', '2023-04-07 09:56:15'),
(114, 'Firman', 'Andi', 1, '2023-04-07 08:02:04', '2023-04-07 09:43:43'),
(115, 'Hansen', 'Andi', 1, '2023-04-07 08:05:09', '2023-04-07 09:43:45'),
(116, 'Hansen', 'Cici', 1, '2023-04-07 08:05:13', '2023-04-07 11:26:09'),
(117, 'Hansen', 'Ester', 1, '2023-04-07 08:05:15', '2023-04-07 09:37:50'),
(118, 'Junior', 'Andi', 1, '2023-04-07 08:31:15', '2023-04-07 09:43:45'),
(119, 'Junior', 'Budi', 1, '2023-04-07 08:31:16', '2023-04-07 09:56:15'),
(120, 'Junior', 'Cheris', 1, '2023-04-07 08:31:17', '2023-04-07 09:45:20'),
(121, 'Kelvin', 'Ester', 1, '2023-04-07 08:49:05', '2023-04-07 09:37:50'),
(122, 'Kelvin', 'Cici', 1, '2023-04-07 08:49:06', '2023-04-07 11:26:09'),
(123, 'Kelvin', 'Doni', 1, '2023-04-07 08:49:07', '2023-04-07 11:28:27'),
(124, 'Lala', 'Junior', 1, '2023-04-07 08:51:14', '2023-04-07 09:46:25'),
(125, 'Lala', 'Kelvin', 1, '2023-04-07 08:51:15', '2023-04-07 16:17:38'),
(126, 'Lala', 'Nicholas', 1, '2023-04-07 08:51:16', '2023-04-07 09:48:16'),
(127, 'Lala', 'Ester', 1, '2023-04-07 09:02:44', '2023-04-07 09:37:51'),
(128, 'Lala', 'Andi', 1, '2023-04-07 09:02:45', '2023-04-07 09:43:46'),
(129, 'Lala', 'Budi', 1, '2023-04-07 09:02:46', '2023-04-07 09:56:16'),
(130, 'Mimin', 'Hansen', 1, '2023-04-07 09:04:40', '2023-04-07 16:13:17'),
(131, 'Mimin', 'Junior', 1, '2023-04-07 09:04:42', '2023-04-07 09:46:26'),
(132, 'Mimin', 'Irman', 1, '2023-04-07 09:04:44', '2023-04-07 09:36:39'),
(133, 'Orman', 'Cheris', 1, '2023-04-07 09:10:57', '2023-04-07 09:45:21'),
(134, 'Orman', 'Gigi', 1, '2023-04-07 09:11:03', '2023-04-07 09:59:46'),
(135, 'Orman', 'Junior', 1, '2023-04-07 09:11:05', '2023-04-07 09:46:26'),
(136, 'Philip', 'Andi', 1, '2023-04-07 09:26:22', '2023-04-07 09:43:46'),
(137, 'Philip', 'Budi', 1, '2023-04-07 09:26:23', '2023-04-07 09:56:16'),
(138, 'Philip', 'Cheris', 1, '2023-04-07 09:26:24', '2023-04-07 09:45:21'),
(139, 'Leonardo', 'Philip', 1, '2023-04-07 09:34:00', '2023-04-07 09:57:13'),
(140, 'Leonardo', 'Mimin', 1, '2023-04-07 09:35:45', '2023-04-07 09:52:19'),
(141, 'Leonardo', 'Irman', 1, '2023-04-07 09:35:54', '2023-04-07 09:36:40'),
(142, 'Romano', 'Nicholas', 1, '2023-04-07 09:41:39', '2023-04-07 09:48:16'),
(143, 'Romano', 'Gigi', 1, '2023-04-07 09:42:21', '2023-04-07 09:59:47'),
(144, 'Romano', 'Leonardo', 1, '2023-04-07 09:43:11', '2023-04-07 10:19:50'),
(145, 'Nicholas', 'Ester', 1, '2023-04-07 09:48:22', '2023-04-07 11:29:55'),
(146, 'Romano', 'Junior', 1, '2023-04-07 09:50:32', '2023-04-07 16:16:23'),
(147, 'Romano', 'Philip', 1, '2023-04-07 09:50:37', '2023-04-07 09:57:14'),
(148, 'Romano', 'Orman', 1, '2023-04-07 09:50:42', '2023-04-07 16:23:47'),
(149, 'Romano', 'Mimin', 1, '2023-04-07 09:50:56', '2023-04-07 09:52:20'),
(150, 'Romano', 'Lala', 1, '2023-04-07 09:51:18', '2023-04-07 16:18:54'),
(151, 'Romano', 'Kelvin', 1, '2023-04-07 09:51:26', '2023-04-07 16:17:39'),
(152, 'Romano', 'Andi', 1, '2023-04-07 09:51:40', '2023-04-07 11:19:27'),
(153, 'Firman', 'Romano', 0, '2023-04-07 09:54:03', '2023-04-07 09:54:03'),
(154, 'Firman', 'Philip', 1, '2023-04-07 09:54:21', '2023-04-07 09:57:14'),
(155, 'Philip', 'Doni', 1, '2023-04-07 09:57:24', '2023-04-07 11:28:27'),
(156, 'Philip', 'Ester', 1, '2023-04-07 09:57:29', '2023-04-07 11:29:56'),
(157, 'Philip', 'Cici', 1, '2023-04-07 09:57:34', '2023-04-07 11:26:10'),
(158, 'Machine', 'Romano', 0, '2023-04-07 10:02:52', '2023-04-07 10:02:52'),
(159, 'Machine', 'Firman', 1, '2023-04-07 10:02:56', '2023-04-07 11:32:05'),
(160, 'Machine', 'Junior', 1, '2023-04-07 10:03:02', '2023-04-07 16:16:23'),
(161, 'Machine', 'Leonardo', 1, '2023-04-07 10:03:08', '2023-04-07 10:19:50'),
(162, 'Machine', 'Philip', 1, '2023-04-07 10:03:15', '2023-04-07 16:24:06'),
(163, 'Machine', 'Mimin', 1, '2023-04-07 10:03:25', '2023-04-07 16:22:36'),
(164, 'Sylvain', 'Machine', 1, '2023-04-07 10:18:23', '2023-04-07 16:20:23'),
(165, 'Sylvain', 'Firman', 1, '2023-04-07 10:18:27', '2023-04-07 11:32:06'),
(166, 'Sylvain', 'Romano', 0, '2023-04-07 10:18:33', '2023-04-07 10:18:33'),
(167, 'Sylvain', 'Leonardo', 1, '2023-04-07 10:18:40', '2023-04-07 10:19:51'),
(168, 'Mikroskil', 'Kelvin', 1, '2023-04-07 10:23:12', '2023-04-07 16:17:39'),
(169, 'Mikroskil', 'Sylvain', 0, '2023-04-07 10:29:58', '2023-04-07 10:29:58'),
(170, 'Mikroskil', 'Machine', 1, '2023-04-07 10:30:04', '2023-04-07 16:20:23'),
(171, 'Mikroskil', 'Romano', 0, '2023-04-07 10:30:11', '2023-04-07 10:30:11'),
(172, 'Mikroskil', 'Junior', 1, '2023-04-07 10:30:20', '2023-04-07 16:16:24'),
(173, 'Daisy', 'Mikroskil', 1, '2023-04-07 10:37:16', '2023-04-07 16:21:50'),
(174, 'Daisy', 'Sylvain', 0, '2023-04-07 10:37:20', '2023-04-07 10:37:20'),
(175, 'Daisy', 'Machine', 1, '2023-04-07 10:37:36', '2023-04-07 16:20:24'),
(176, 'Daisy', 'Firman', 1, '2023-04-07 10:37:50', '2023-04-07 11:32:06'),
(177, 'Daisy', 'Romano', 0, '2023-04-07 10:38:08', '2023-04-07 10:38:08'),
(178, 'Daisy', 'Orman', 1, '2023-04-07 10:43:59', '2023-04-07 16:23:47'),
(179, 'Daisy', 'Budi', 1, '2023-04-07 10:44:06', '2023-04-07 11:19:42'),
(180, 'Daisy', 'Philip', 1, '2023-04-07 10:44:24', '2023-04-07 16:24:07'),
(181, 'Daisy', 'Ester', 1, '2023-04-07 10:44:34', '2023-04-07 11:29:56'),
(182, 'Daisy', 'Cici', 1, '2023-04-07 10:44:41', '2023-04-07 11:26:10'),
(183, 'Daisy', 'Doni', 1, '2023-04-07 10:44:53', '2023-04-07 11:28:25'),
(184, 'Ndimas', 'Machine', 1, '2023-04-07 11:00:52', '2023-04-07 16:20:24'),
(185, 'Ndimas', 'Semut', 0, '2023-04-07 11:00:54', '2023-04-07 11:00:54'),
(186, 'Ndimas', 'Philip', 1, '2023-04-07 11:02:02', '2023-04-07 16:24:07'),
(187, 'Ndimas', 'Daisy', 1, '2023-04-07 11:02:19', '2023-04-07 16:09:57'),
(188, 'Ndimas', 'Mikroskil', 1, '2023-04-07 11:02:25', '2023-04-07 16:21:50'),
(189, 'Ndimas', 'Sylvain', 0, '2023-04-07 11:02:31', '2023-04-07 11:02:31'),
(190, 'Ndimas', 'Firman', 1, '2023-04-07 11:02:39', '2023-04-07 11:32:07'),
(191, 'Ndimas', 'Junior', 1, '2023-04-07 11:02:46', '2023-04-07 16:16:24'),
(192, 'Ndimas', 'Mimin', 1, '2023-04-07 11:02:57', '2023-04-07 16:22:36'),
(193, 'Byleth', 'Semut', 0, '2023-04-07 11:10:25', '2023-04-07 11:10:25'),
(194, 'Byleth', 'Daisy', 1, '2023-04-07 11:10:29', '2023-04-07 16:09:58'),
(195, 'Byleth', 'Mikroskil', 1, '2023-04-07 11:10:35', '2023-04-07 16:21:50'),
(196, 'Byleth', 'Sylvain', 0, '2023-04-07 11:10:44', '2023-04-07 11:10:44'),
(197, 'Byleth', 'Machine', 1, '2023-04-07 11:10:52', '2023-04-07 16:20:25'),
(198, 'Byleth', 'Junior', 1, '2023-04-07 11:11:00', '2023-04-07 16:16:24'),
(199, 'Byleth', 'Firman', 1, '2023-04-07 11:11:09', '2023-04-07 11:32:08'),
(200, 'Byleth', 'Leonardo', 1, '2023-04-07 11:11:18', '2023-04-07 16:19:51'),
(201, 'Byleth', 'Mimin', 1, '2023-04-07 11:11:28', '2023-04-07 16:22:37'),
(202, 'Byleth', 'Irman', 1, '2023-04-07 11:11:40', '2023-04-07 16:16:03'),
(203, 'Budi', 'Margaret', 1, '2023-04-07 11:19:48', '2023-04-07 16:21:09'),
(204, 'Cheris', 'Daisy', 1, '2023-04-07 11:21:14', '2023-04-07 16:09:58'),
(205, 'Cheris', 'Semut', 0, '2023-04-07 11:21:21', '2023-04-07 11:21:21'),
(206, 'Cheris', 'Mikroskil', 1, '2023-04-07 11:21:38', '2023-04-07 16:21:51'),
(207, 'Cheris', 'Machine', 1, '2023-04-07 11:21:48', '2023-04-07 16:20:25'),
(208, 'Cheris', 'Romano', 0, '2023-04-07 11:21:59', '2023-04-07 11:21:59'),
(209, 'Cheris', 'Lala', 1, '2023-04-07 11:22:40', '2023-04-07 16:18:55'),
(210, 'Cheris', 'Irman', 1, '2023-04-07 11:22:58', '2023-04-07 16:16:03'),
(211, 'Doni', 'Margaret', 1, '2023-04-07 11:28:05', '2023-04-07 16:21:09'),
(212, 'Doni', 'Byleth', 1, '2023-04-07 11:28:13', '2023-04-07 16:09:02'),
(213, 'Doni', 'Semut', 0, '2023-04-07 11:28:18', '2023-04-07 11:28:18'),
(214, 'Firman', 'Margaret', 1, '2023-04-07 11:32:48', '2023-04-07 16:21:09'),
(215, 'Hansen', 'Byleth', 0, '2023-04-07 16:14:09', '2023-04-07 16:14:09');

-- --------------------------------------------------------

--
-- Table structure for table `historys`
--

CREATE TABLE `historys` (
  `id` int(11) NOT NULL,
  `username` varchar(255) DEFAULT NULL,
  `post_id` int(11) DEFAULT NULL,
  `createdAt` datetime NOT NULL,
  `updatedAt` datetime NOT NULL
) ENGINE=InnoDB DEFAULT CHARSET=utf8mb4 COLLATE=utf8mb4_general_ci;

--
-- Dumping data for table `historys`
--

INSERT INTO `historys` (`id`, `username`, `post_id`, `createdAt`, `updatedAt`) VALUES
(5, 'Richard', 4, '2023-04-08 19:50:58', '2023-04-08 19:50:58'),
(11, 'Mimin', 5, '2023-04-08 19:50:58', '2023-04-08 19:50:58'),
(13, 'Richard', 5, '2023-04-08 19:50:58', '2023-04-08 19:50:58'),
(14, 'Romano', 5, '2023-04-08 19:50:58', '2023-04-08 19:50:58'),
(17, 'Mimin', 6, '2023-04-08 19:50:58', '2023-04-08 19:50:58'),
(19, 'Richard', 6, '2023-04-08 19:50:58', '2023-04-08 19:50:58'),
(20, 'Romano', 6, '2023-04-08 19:50:58', '2023-04-08 19:50:58'),
(23, 'Mimin', 7, '2023-04-08 19:50:58', '2023-04-08 19:50:58'),
(25, 'Richard', 7, '2023-04-08 19:50:58', '2023-04-08 19:50:58'),
(26, 'Romano', 7, '2023-04-08 19:50:58', '2023-04-08 19:50:58'),
(31, 'Richard', 8, '2023-04-08 19:50:58', '2023-04-08 19:50:58'),
(32, 'Romano', 8, '2023-04-08 19:50:58', '2023-04-08 19:50:58'),
(37, 'Richard', 9, '2023-04-08 19:50:58', '2023-04-08 19:50:58'),
(38, 'Romano', 9, '2023-04-08 19:50:58', '2023-04-08 19:50:58'),
(42, 'Richard', 10, '2023-04-08 19:50:58', '2023-04-08 19:50:58'),
(43, 'Romano', 10, '2023-04-08 19:50:58', '2023-04-08 19:50:58'),
(44, 'Andi', 11, '2023-04-08 19:50:58', '2023-04-08 19:50:58'),
(48, 'Irman', 11, '2023-04-08 19:50:58', '2023-04-08 19:50:58'),
(49, 'Richard', 11, '2023-04-08 19:50:58', '2023-04-08 19:50:58'),
(50, 'Romano', 11, '2023-04-08 19:50:58', '2023-04-08 19:50:58'),
(53, 'Irman', 12, '2023-04-08 19:50:58', '2023-04-08 19:50:58'),
(54, 'Richard', 12, '2023-04-08 19:50:58', '2023-04-08 19:50:58'),
(55, 'Romano', 12, '2023-04-08 19:50:58', '2023-04-08 19:50:58'),
(60, 'Andi', 14, '2023-04-08 19:50:58', '2023-04-08 19:50:58'),
(63, 'Andi', 15, '2023-04-08 19:50:58', '2023-04-08 19:50:58'),
(66, 'Nicholas', 15, '2023-04-08 19:50:58', '2023-04-08 19:50:58'),
(69, 'Andi', 17, '2023-04-08 19:50:58', '2023-04-08 19:50:58'),
(73, 'Lala', 17, '2023-04-08 19:50:58', '2023-04-08 19:50:58'),
(74, 'Nicholas', 17, '2023-04-08 19:50:58', '2023-04-08 19:50:58'),
(75, 'Richard', 17, '2023-04-08 19:50:58', '2023-04-08 19:50:58'),
(76, 'Andi', 18, '2023-04-08 19:50:58', '2023-04-08 19:50:58'),
(81, 'Irman', 18, '2023-04-08 19:50:58', '2023-04-08 19:50:58'),
(83, 'Lala', 18, '2023-04-08 19:50:58', '2023-04-08 19:50:58'),
(84, 'Richard', 18, '2023-04-08 19:50:58', '2023-04-08 19:50:58'),
(88, 'Irman', 19, '2023-04-08 19:50:58', '2023-04-08 19:50:58'),
(89, 'Lala', 19, '2023-04-08 19:50:58', '2023-04-08 19:50:58'),
(90, 'Nicholas', 19, '2023-04-08 19:50:58', '2023-04-08 19:50:58'),
(91, 'Richard', 19, '2023-04-08 19:50:58', '2023-04-08 19:50:58'),
(92, 'Andi', 20, '2023-04-08 19:50:58', '2023-04-08 19:50:58'),
(97, 'Hansen', 20, '2023-04-08 19:50:58', '2023-04-08 19:50:58'),
(99, 'Romano', 20, '2023-04-08 19:50:58', '2023-04-08 19:50:58'),
(102, 'Firman', 21, '2023-04-08 19:50:58', '2023-04-08 19:50:58'),
(104, 'Irman', 21, '2023-04-08 19:50:58', '2023-04-08 19:50:58'),
(105, 'Junior', 21, '2023-04-08 19:50:58', '2023-04-08 19:50:58'),
(106, 'Kelvin', 21, '2023-04-08 19:50:58', '2023-04-08 19:50:58'),
(107, 'Lala', 21, '2023-04-08 19:50:58', '2023-04-08 19:50:58'),
(109, 'Nicholas', 21, '2023-04-08 19:50:58', '2023-04-08 19:50:58'),
(110, 'Andi', 22, '2023-04-08 19:50:58', '2023-04-08 19:50:58'),
(115, 'Firman', 22, '2023-04-08 19:50:58', '2023-04-08 19:50:58'),
(116, 'Gigi', 22, '2023-04-08 19:50:58', '2023-04-08 19:50:58'),
(117, 'Junior', 22, '2023-04-08 19:50:58', '2023-04-08 19:50:58'),
(118, 'Kelvin', 22, '2023-04-08 19:50:58', '2023-04-08 19:50:58'),
(119, 'Lala', 22, '2023-04-08 19:50:58', '2023-04-08 19:50:58'),
(121, 'Nicholas', 22, '2023-04-08 19:50:58', '2023-04-08 19:50:58'),
(122, 'Richard', 22, '2023-04-08 19:50:58', '2023-04-08 19:50:58'),
(123, 'Romano', 22, '2023-04-08 19:50:58', '2023-04-08 19:50:58'),
(126, 'Kelvin', 23, '2023-04-08 19:50:58', '2023-04-08 19:50:58'),
(127, 'Nicholas', 23, '2023-04-08 19:50:58', '2023-04-08 19:50:58'),
(128, 'Richard', 23, '2023-04-08 19:50:58', '2023-04-08 19:50:58'),
(129, 'Andi', 24, '2023-04-08 19:50:58', '2023-04-08 19:50:58'),
(132, 'Kelvin', 24, '2023-04-08 19:50:58', '2023-04-08 19:50:58'),
(133, 'Nicholas', 24, '2023-04-08 19:50:58', '2023-04-08 19:50:58'),
(138, 'Firman', 27, '2023-04-08 19:50:58', '2023-04-08 19:50:58'),
(139, 'Junior', 27, '2023-04-08 19:50:58', '2023-04-08 19:50:58'),
(140, 'Mikroskil', 27, '2023-04-08 19:50:58', '2023-04-08 19:50:58'),
(141, 'Cheris', 28, '2023-04-08 19:50:58', '2023-04-08 19:50:58'),
(143, 'Firman', 28, '2023-04-08 19:50:58', '2023-04-08 19:50:58'),
(144, 'Mikroskil', 28, '2023-04-08 19:50:58', '2023-04-08 19:50:58'),
(145, 'Romano', 28, '2023-04-08 19:50:58', '2023-04-08 19:50:58'),
(146, 'Cheris', 29, '2023-04-08 19:50:58', '2023-04-08 19:50:58'),
(148, 'Irman', 29, '2023-04-08 19:50:58', '2023-04-08 19:50:58'),
(149, 'Mikroskil', 29, '2023-04-08 19:50:58', '2023-04-08 19:50:58'),
(150, 'Romano', 29, '2023-04-08 19:50:58', '2023-04-08 19:50:58'),
(151, 'Cheris', 30, '2023-04-08 19:50:58', '2023-04-08 19:50:58'),
(153, 'Irman', 30, '2023-04-08 19:50:58', '2023-04-08 19:50:58'),
(154, 'Lala', 30, '2023-04-08 19:50:58', '2023-04-08 19:50:58'),
(155, 'Mikroskil', 30, '2023-04-08 19:50:58', '2023-04-08 19:50:58'),
(156, 'Cheris', 31, '2023-04-08 19:50:58', '2023-04-08 19:50:58'),
(158, 'Irman', 31, '2023-04-08 19:50:58', '2023-04-08 19:50:58'),
(159, 'Junior', 31, '2023-04-08 19:50:58', '2023-04-08 19:50:58'),
(160, 'Lala', 31, '2023-04-08 19:50:58', '2023-04-08 19:50:58'),
(161, 'Philip', 31, '2023-04-08 19:50:58', '2023-04-08 19:50:58'),
(162, 'Cheris', 32, '2023-04-08 19:50:58', '2023-04-08 19:50:58'),
(164, 'Kelvin', 32, '2023-04-08 19:50:58', '2023-04-08 19:50:58'),
(165, 'Lala', 32, '2023-04-08 19:50:58', '2023-04-08 19:50:58'),
(166, 'Mikroskil', 32, '2023-04-08 19:50:58', '2023-04-08 19:50:58'),
(168, 'Kelvin', 33, '2023-04-08 19:50:58', '2023-04-08 19:50:58'),
(169, 'Cheris', 33, '2023-04-08 19:50:58', '2023-04-08 19:50:58'),
(171, 'Mikroskil', 33, '2023-04-08 19:50:58', '2023-04-08 19:50:58'),
(172, 'Mimin', 33, '2023-04-08 19:50:58', '2023-04-08 19:50:58'),
(174, 'Junior', 34, '2023-04-08 19:50:58', '2023-04-08 19:50:58'),
(175, 'Cheris', 34, '2023-04-08 19:50:58', '2023-04-08 19:50:58'),
(176, 'Kelvin', 34, '2023-04-08 19:50:58', '2023-04-08 19:50:58'),
(177, 'Mimin', 34, '2023-04-08 19:50:58', '2023-04-08 19:50:58'),
(178, 'Philip', 34, '2023-04-08 19:50:58', '2023-04-08 19:50:58'),
(179, 'Romano', 34, '2023-04-08 19:50:58', '2023-04-08 19:50:58'),
(181, 'Mikroskil', 35, '2023-04-08 19:50:58', '2023-04-08 19:50:58'),
(182, 'Cheris', 35, '2023-04-08 19:50:58', '2023-04-08 19:50:58'),
(183, 'Romano', 35, '2023-04-08 19:50:58', '2023-04-08 19:50:58'),
(185, 'Lala', 36, '2023-04-08 19:50:58', '2023-04-08 19:50:58'),
(186, 'Cheris', 36, '2023-04-08 19:50:58', '2023-04-08 19:50:58'),
(188, 'Mikroskil', 36, '2023-04-08 19:50:58', '2023-04-08 19:50:58'),
(189, 'Mimin', 36, '2023-04-08 19:50:58', '2023-04-08 19:50:58'),
(190, 'Romano', 36, '2023-04-08 19:50:58', '2023-04-08 19:50:58'),
(192, 'Lala', 37, '2023-04-08 19:50:58', '2023-04-08 19:50:58'),
(193, 'Cheris', 37, '2023-04-08 19:50:58', '2023-04-08 19:50:58'),
(195, 'Mikroskil', 37, '2023-04-08 19:50:58', '2023-04-08 19:50:58'),
(196, 'Mimin', 37, '2023-04-08 19:50:58', '2023-04-08 19:50:58'),
(198, 'Junior', 40, '2023-04-08 19:50:59', '2023-04-08 19:50:59'),
(199, 'Cheris', 40, '2023-04-08 19:50:59', '2023-04-08 19:50:59'),
(200, 'Mikroskil', 40, '2023-04-08 19:50:59', '2023-04-08 19:50:59'),
(201, 'Mimin', 40, '2023-04-08 19:50:59', '2023-04-08 19:50:59'),
(204, 'Cheris', 41, '2023-04-08 19:50:59', '2023-04-08 19:50:59'),
(205, 'Junior', 41, '2023-04-08 19:50:59', '2023-04-08 19:50:59'),
(209, 'Junior', 42, '2023-04-08 19:50:59', '2023-04-08 19:50:59'),
(211, 'Philip', 42, '2023-04-08 19:50:59', '2023-04-08 19:50:59'),
(214, 'Junior', 43, '2023-04-08 19:50:59', '2023-04-08 19:50:59'),
(216, 'Mimin', 43, '2023-04-08 19:50:59', '2023-04-08 19:50:59'),
(217, 'Cici', 44, '2023-04-08 19:50:59', '2023-04-08 19:50:59'),
(219, 'Mimin', 44, '2023-04-08 19:50:59', '2023-04-08 19:50:59'),
(220, 'Nicholas', 44, '2023-04-08 19:50:59', '2023-04-08 19:50:59'),
(221, 'Cici', 45, '2023-04-08 19:50:59', '2023-04-08 19:50:59'),
(223, 'Hansen', 45, '2023-04-08 19:50:59', '2023-04-08 19:50:59'),
(224, 'Irman', 45, '2023-04-08 19:50:59', '2023-04-08 19:50:59'),
(225, 'Junior', 45, '2023-04-08 19:50:59', '2023-04-08 19:50:59'),
(227, 'Nicholas', 45, '2023-04-08 19:50:59', '2023-04-08 19:50:59'),
(228, 'Cici', 46, '2023-04-08 19:50:59', '2023-04-08 19:50:59'),
(229, 'Junior', 46, '2023-04-08 19:50:59', '2023-04-08 19:50:59'),
(232, 'Nicholas', 46, '2023-04-08 19:50:59', '2023-04-08 19:50:59'),
(233, 'Romano', 46, '2023-04-08 19:50:59', '2023-04-08 19:50:59'),
(234, 'Andi', 47, '2023-04-08 19:50:59', '2023-04-08 19:50:59'),
(235, 'Cici', 47, '2023-04-08 19:50:59', '2023-04-08 19:50:59'),
(236, 'Hansen', 47, '2023-04-08 19:50:59', '2023-04-08 19:50:59'),
(238, 'Irman', 47, '2023-04-08 19:50:59', '2023-04-08 19:50:59'),
(239, 'Junior', 47, '2023-04-08 19:50:59', '2023-04-08 19:50:59'),
(242, 'Nicholas', 47, '2023-04-08 19:50:59', '2023-04-08 19:50:59'),
(243, 'Cici', 48, '2023-04-08 19:50:59', '2023-04-08 19:50:59'),
(244, 'Gigi', 48, '2023-04-08 19:50:59', '2023-04-08 19:50:59'),
(246, 'Junior', 48, '2023-04-08 19:50:59', '2023-04-08 19:50:59'),
(248, 'Mikroskil', 48, '2023-04-08 19:50:59', '2023-04-08 19:50:59'),
(249, 'Mimin', 48, '2023-04-08 19:50:59', '2023-04-08 19:50:59'),
(250, 'Romano', 48, '2023-04-08 19:50:59', '2023-04-08 19:50:59'),
(251, 'Andi', 49, '2023-04-08 19:50:59', '2023-04-08 19:50:59'),
(252, 'Cici', 49, '2023-04-08 19:50:59', '2023-04-08 19:50:59'),
(253, 'Gigi', 49, '2023-04-08 19:50:59', '2023-04-08 19:50:59'),
(255, 'Irman', 49, '2023-04-08 19:50:59', '2023-04-08 19:50:59'),
(256, 'Junior', 49, '2023-04-08 19:50:59', '2023-04-08 19:50:59'),
(258, 'Mimin', 49, '2023-04-08 19:50:59', '2023-04-08 19:50:59'),
(259, 'Nicholas', 49, '2023-04-08 19:50:59', '2023-04-08 19:50:59'),
(260, 'Philip', 49, '2023-04-08 19:50:59', '2023-04-08 19:50:59'),
(261, 'Andi', 50, '2023-04-08 19:50:59', '2023-04-08 19:50:59'),
(262, 'Cici', 50, '2023-04-08 19:50:59', '2023-04-08 19:50:59'),
(263, 'Gigi', 50, '2023-04-08 19:50:59', '2023-04-08 19:50:59'),
(264, 'Junior', 50, '2023-04-08 19:50:59', '2023-04-08 19:50:59'),
(267, 'Mikroskil', 50, '2023-04-08 19:50:59', '2023-04-08 19:50:59'),
(268, 'Mimin', 50, '2023-04-08 19:50:59', '2023-04-08 19:50:59'),
(269, 'Nicholas', 50, '2023-04-08 19:50:59', '2023-04-08 19:50:59'),
(270, 'Philip', 50, '2023-04-08 19:50:59', '2023-04-08 19:50:59'),
(271, 'Andi', 51, '2023-04-08 19:50:59', '2023-04-08 19:50:59'),
(272, 'Budi', 51, '2023-04-08 19:50:59', '2023-04-08 19:50:59'),
(273, 'Cheris', 51, '2023-04-08 19:50:59', '2023-04-08 19:50:59'),
(274, 'Doni', 51, '2023-04-08 19:50:59', '2023-04-08 19:50:59'),
(275, 'Cici', 51, '2023-04-08 19:50:59', '2023-04-08 19:50:59'),
(276, 'Firman', 51, '2023-04-08 19:50:59', '2023-04-08 19:50:59'),
(277, 'Mimin', 51, '2023-04-08 19:50:59', '2023-04-08 19:50:59'),
(279, 'Romano', 51, '2023-04-08 19:50:59', '2023-04-08 19:50:59'),
(280, 'Andi', 52, '2023-04-08 19:50:59', '2023-04-08 19:50:59'),
(281, 'Doni', 52, '2023-04-08 19:50:59', '2023-04-08 19:50:59'),
(282, 'Cici', 52, '2023-04-08 19:50:59', '2023-04-08 19:50:59'),
(283, 'Leonardo', 52, '2023-04-08 19:50:59', '2023-04-08 19:50:59'),
(286, 'Doni', 53, '2023-04-08 19:50:59', '2023-04-08 19:50:59'),
(287, 'Cici', 53, '2023-04-08 19:50:59', '2023-04-08 19:50:59'),
(288, 'Irman', 53, '2023-04-08 19:50:59', '2023-04-08 19:50:59'),
(290, 'Leonardo', 53, '2023-04-08 19:50:59', '2023-04-08 19:50:59'),
(291, 'Mimin', 53, '2023-04-08 19:50:59', '2023-04-08 19:50:59'),
(293, 'Nicholas', 53, '2023-04-08 19:50:59', '2023-04-08 19:50:59'),
(294, 'Romano', 53, '2023-04-08 19:50:59', '2023-04-08 19:50:59'),
(295, 'Daisy', 54, '2023-04-08 19:50:59', '2023-04-08 19:50:59'),
(296, 'Cici', 54, '2023-04-08 19:50:59', '2023-04-08 19:50:59'),
(298, 'Irman', 54, '2023-04-08 19:50:59', '2023-04-08 19:50:59'),
(300, 'Nicholas', 54, '2023-04-08 19:50:59', '2023-04-08 19:50:59'),
(301, 'Sylvain', 54, '2023-04-08 19:50:59', '2023-04-08 19:50:59'),
(302, 'Andi', 55, '2023-04-08 19:50:59', '2023-04-08 19:50:59'),
(303, 'Daisy', 55, '2023-04-08 19:50:59', '2023-04-08 19:50:59'),
(304, 'Cheris', 55, '2023-04-08 19:50:59', '2023-04-08 19:50:59'),
(305, 'Gigi', 55, '2023-04-08 19:50:59', '2023-04-08 19:50:59'),
(307, 'Irman', 55, '2023-04-08 19:50:59', '2023-04-08 19:50:59'),
(308, 'Junior', 55, '2023-04-08 19:50:59', '2023-04-08 19:50:59'),
(309, 'Mikroskil', 55, '2023-04-08 19:50:59', '2023-04-08 19:50:59'),
(310, 'Mimin', 55, '2023-04-08 19:50:59', '2023-04-08 19:50:59'),
(312, 'Nicholas', 55, '2023-04-08 19:50:59', '2023-04-08 19:50:59'),
(313, 'Daisy', 56, '2023-04-08 19:50:59', '2023-04-08 19:50:59'),
(314, 'Cici', 56, '2023-04-08 19:50:59', '2023-04-08 19:50:59'),
(315, 'Gigi', 56, '2023-04-08 19:50:59', '2023-04-08 19:50:59'),
(316, 'Leonardo', 56, '2023-04-08 19:50:59', '2023-04-08 19:50:59'),
(318, 'Mimin', 56, '2023-04-08 19:50:59', '2023-04-08 19:50:59'),
(319, 'Ndimas', 56, '2023-04-08 19:50:59', '2023-04-08 19:50:59'),
(320, 'Mikroskil', 56, '2023-04-08 19:50:59', '2023-04-08 19:50:59'),
(321, 'Budi', 57, '2023-04-08 19:50:59', '2023-04-08 19:50:59'),
(322, 'Nicholas', 56, '2023-04-08 19:50:59', '2023-04-08 19:50:59'),
(323, 'Daisy', 57, '2023-04-08 19:50:59', '2023-04-08 19:50:59'),
(324, 'Cici', 57, '2023-04-08 19:50:59', '2023-04-08 19:50:59'),
(325, 'Firman', 57, '2023-04-08 19:50:59', '2023-04-08 19:50:59'),
(326, 'Kelvin', 57, '2023-04-08 19:50:59', '2023-04-08 19:50:59'),
(328, 'Leonardo', 57, '2023-04-08 19:50:59', '2023-04-08 19:50:59'),
(329, 'Machine', 57, '2023-04-08 19:50:59', '2023-04-08 19:50:59'),
(330, 'Mimin', 57, '2023-04-08 19:50:59', '2023-04-08 19:50:59'),
(331, 'Ndimas', 57, '2023-04-08 19:50:59', '2023-04-08 19:50:59'),
(332, 'Sylvain', 57, '2023-04-08 19:50:59', '2023-04-08 19:50:59'),
(333, 'Daisy', 58, '2023-04-08 19:50:59', '2023-04-08 19:50:59'),
(334, 'Firman', 58, '2023-04-08 19:50:59', '2023-04-08 19:50:59'),
(335, 'Gigi', 58, '2023-04-08 19:50:59', '2023-04-08 19:50:59'),
(337, 'Kelvin', 58, '2023-04-08 19:50:59', '2023-04-08 19:50:59'),
(338, 'Leonardo', 58, '2023-04-08 19:50:59', '2023-04-08 19:50:59'),
(339, 'Machine', 58, '2023-04-08 19:50:59', '2023-04-08 19:50:59'),
(340, 'Mimin', 58, '2023-04-08 19:50:59', '2023-04-08 19:50:59'),
(341, 'Ndimas', 58, '2023-04-08 19:50:59', '2023-04-08 19:50:59'),
(342, 'Mikroskil', 58, '2023-04-08 19:50:59', '2023-04-08 19:50:59'),
(343, 'Budi', 59, '2023-04-08 19:50:59', '2023-04-08 19:50:59'),
(345, 'Daisy', 59, '2023-04-08 19:50:59', '2023-04-08 19:50:59'),
(346, 'Leonardo', 59, '2023-04-08 19:50:59', '2023-04-08 19:50:59'),
(347, 'Machine', 59, '2023-04-08 19:50:59', '2023-04-08 19:50:59'),
(350, 'Ndimas', 59, '2023-04-08 19:50:59', '2023-04-08 19:50:59'),
(351, 'Sylvain', 59, '2023-04-08 19:50:59', '2023-04-08 19:50:59'),
(352, 'Budi', 60, '2023-04-08 19:50:59', '2023-04-08 19:50:59'),
(354, 'Daisy', 60, '2023-04-08 19:50:59', '2023-04-08 19:50:59'),
(355, 'Leonardo', 60, '2023-04-08 19:50:59', '2023-04-08 19:50:59'),
(356, 'Machine', 60, '2023-04-08 19:50:59', '2023-04-08 19:50:59'),
(359, 'Ndimas', 60, '2023-04-08 19:50:59', '2023-04-08 19:50:59'),
(360, 'Sylvain', 60, '2023-04-08 19:50:59', '2023-04-08 19:50:59'),
(361, 'Byleth', 61, '2023-04-08 19:50:59', '2023-04-08 19:50:59'),
(362, 'Daisy', 61, '2023-04-08 19:50:59', '2023-04-08 19:50:59'),
(363, 'Doni', 61, '2023-04-08 19:50:59', '2023-04-08 19:50:59'),
(364, 'Cheris', 61, '2023-04-08 19:50:59', '2023-04-08 19:50:59'),
(365, 'Firman', 61, '2023-04-08 19:50:59', '2023-04-08 19:50:59'),
(366, 'Ester', 61, '2023-04-08 19:50:59', '2023-04-08 19:50:59'),
(367, 'Leonardo', 61, '2023-04-08 19:50:59', '2023-04-08 19:50:59'),
(368, 'Margaret', 61, '2023-04-08 19:50:59', '2023-04-08 19:50:59'),
(369, 'Junior', 61, '2023-04-08 19:50:59', '2023-04-08 19:50:59'),
(370, 'Ndimas', 61, '2023-04-08 19:50:59', '2023-04-08 19:50:59'),
(371, 'Sylvain', 61, '2023-04-08 19:50:59', '2023-04-08 19:50:59'),
(372, 'Byleth', 62, '2023-04-08 19:50:59', '2023-04-08 19:50:59'),
(373, 'Daisy', 62, '2023-04-08 19:50:59', '2023-04-08 19:50:59'),
(374, 'Cici', 62, '2023-04-08 19:50:59', '2023-04-08 19:50:59'),
(375, 'Firman', 62, '2023-04-08 19:50:59', '2023-04-08 19:50:59'),
(376, 'Ester', 62, '2023-04-08 19:50:59', '2023-04-08 19:50:59'),
(377, 'Margaret', 62, '2023-04-08 19:50:59', '2023-04-08 19:50:59'),
(378, 'Ndimas', 62, '2023-04-08 19:50:59', '2023-04-08 19:50:59'),
(379, 'Leonardo', 62, '2023-04-08 19:50:59', '2023-04-08 19:50:59'),
(380, 'Sylvain', 62, '2023-04-08 19:50:59', '2023-04-08 19:50:59'),
(381, 'Byleth', 63, '2023-04-08 19:50:59', '2023-04-08 19:50:59'),
(382, 'Daisy', 63, '2023-04-08 19:50:59', '2023-04-08 19:50:59'),
(383, 'Firman', 63, '2023-04-08 19:50:59', '2023-04-08 19:50:59'),
(384, 'Ester', 63, '2023-04-08 19:50:59', '2023-04-08 19:50:59'),
(385, 'Junior', 63, '2023-04-08 19:50:59', '2023-04-08 19:50:59'),
(386, 'Margaret', 63, '2023-04-08 19:50:59', '2023-04-08 19:50:59'),
(387, 'Leonardo', 63, '2023-04-08 19:50:59', '2023-04-08 19:50:59'),
(388, 'Ndimas', 63, '2023-04-08 19:50:59', '2023-04-08 19:50:59'),
(389, 'Semut', 63, '2023-04-08 19:50:59', '2023-04-08 19:50:59'),
(390, 'Sylvain', 63, '2023-04-08 19:50:59', '2023-04-08 19:50:59'),
(391, 'Byleth', 64, '2023-04-08 19:50:59', '2023-04-08 19:50:59'),
(392, 'Daisy', 64, '2023-04-08 19:50:59', '2023-04-08 19:50:59'),
(393, 'Ester', 64, '2023-04-08 19:50:59', '2023-04-08 19:50:59'),
(394, 'Firman', 64, '2023-04-08 19:50:59', '2023-04-08 19:50:59'),
(395, 'Machine', 64, '2023-04-08 19:50:59', '2023-04-08 19:50:59'),
(396, 'Margaret', 64, '2023-04-08 19:50:59', '2023-04-08 19:50:59'),
(397, 'Ndimas', 64, '2023-04-08 19:50:59', '2023-04-08 19:50:59'),
(398, 'Semut', 64, '2023-04-08 19:50:59', '2023-04-08 19:50:59'),
(399, 'Mikroskil', 64, '2023-04-08 19:50:59', '2023-04-08 19:50:59'),
(400, 'Budi', 65, '2023-04-08 19:50:59', '2023-04-08 19:50:59'),
(401, 'Byleth', 65, '2023-04-08 19:50:59', '2023-04-08 19:50:59'),
(402, 'Daisy', 65, '2023-04-08 19:50:59', '2023-04-08 19:50:59'),
(403, 'Firman', 65, '2023-04-08 19:50:59', '2023-04-08 19:50:59'),
(404, 'Ester', 65, '2023-04-08 19:50:59', '2023-04-08 19:50:59'),
(405, 'Machine', 65, '2023-04-08 19:50:59', '2023-04-08 19:50:59'),
(406, 'Leonardo', 65, '2023-04-08 19:50:59', '2023-04-08 19:50:59'),
(407, 'Margaret', 65, '2023-04-08 19:50:59', '2023-04-08 19:50:59'),
(408, 'Ndimas', 65, '2023-04-08 19:50:59', '2023-04-08 19:50:59'),
(409, 'Semut', 65, '2023-04-08 19:50:59', '2023-04-08 19:50:59'),
(410, 'Mikroskil', 65, '2023-04-08 19:50:59', '2023-04-08 19:50:59'),
(411, 'Budi', 66, '2023-04-08 19:50:59', '2023-04-08 19:50:59'),
(412, 'Byleth', 66, '2023-04-08 19:50:59', '2023-04-08 19:50:59'),
(413, 'Daisy', 66, '2023-04-08 19:50:59', '2023-04-08 19:50:59'),
(414, 'Ester', 66, '2023-04-08 19:50:59', '2023-04-08 19:50:59'),
(415, 'Machine', 66, '2023-04-08 19:50:59', '2023-04-08 19:50:59'),
(416, 'Leonardo', 66, '2023-04-08 19:50:59', '2023-04-08 19:50:59'),
(417, 'Margaret', 66, '2023-04-08 19:50:59', '2023-04-08 19:50:59'),
(418, 'Ndimas', 66, '2023-04-08 19:51:00', '2023-04-08 19:51:00'),
(419, 'Semut', 66, '2023-04-08 19:51:00', '2023-04-08 19:51:00'),
(420, 'Mikroskil', 66, '2023-04-08 19:51:00', '2023-04-08 19:51:00'),
(421, 'Budi', 67, '2023-04-08 19:51:00', '2023-04-08 19:51:00'),
(422, 'Byleth', 67, '2023-04-08 19:51:00', '2023-04-08 19:51:00'),
(423, 'Ester', 67, '2023-04-08 19:51:00', '2023-04-08 19:51:00'),
(424, 'Margaret', 67, '2023-04-08 19:51:00', '2023-04-08 19:51:00'),
(425, 'Leonardo', 67, '2023-04-08 19:51:00', '2023-04-08 19:51:00'),
(426, 'Ndimas', 67, '2023-04-08 19:51:00', '2023-04-08 19:51:00'),
(427, 'Semut', 67, '2023-04-08 19:51:00', '2023-04-08 19:51:00'),
(428, 'Mikroskil', 67, '2023-04-08 19:51:00', '2023-04-08 19:51:00'),
(429, 'Budi', 68, '2023-04-08 19:51:00', '2023-04-08 19:51:00'),
(430, 'Byleth', 68, '2023-04-08 19:51:00', '2023-04-08 19:51:00'),
(431, 'Ester', 68, '2023-04-08 19:51:00', '2023-04-08 19:51:00'),
(432, 'Margaret', 68, '2023-04-08 19:51:00', '2023-04-08 19:51:00'),
(433, 'Junior', 68, '2023-04-08 19:51:00', '2023-04-08 19:51:00'),
(434, 'Ndimas', 68, '2023-04-08 19:51:00', '2023-04-08 19:51:00'),
(435, 'Semut', 68, '2023-04-08 19:51:00', '2023-04-08 19:51:00'),
(436, 'Budi', 69, '2023-04-08 19:51:00', '2023-04-08 19:51:00'),
(437, 'Byleth', 69, '2023-04-08 19:51:00', '2023-04-08 19:51:00'),
(438, 'Daisy', 69, '2023-04-08 19:51:00', '2023-04-08 19:51:00'),
(439, 'Cici', 69, '2023-04-08 19:51:00', '2023-04-08 19:51:00'),
(440, 'Kelvin', 69, '2023-04-08 19:51:00', '2023-04-08 19:51:00'),
(441, 'Margaret', 69, '2023-04-08 19:51:00', '2023-04-08 19:51:00'),
(442, 'Ester', 69, '2023-04-08 19:51:00', '2023-04-08 19:51:00'),
(443, 'Ndimas', 69, '2023-04-08 19:51:00', '2023-04-08 19:51:00'),
(444, 'Semut', 69, '2023-04-08 19:51:00', '2023-04-08 19:51:00'),
(445, 'Budi', 70, '2023-04-08 19:51:00', '2023-04-08 19:51:00'),
(446, 'Byleth', 70, '2023-04-08 19:51:00', '2023-04-08 19:51:00'),
(447, 'Cheris', 70, '2023-04-08 19:51:00', '2023-04-08 19:51:00'),
(448, 'Cici', 70, '2023-04-08 19:51:00', '2023-04-08 19:51:00'),
(449, 'Margaret', 70, '2023-04-08 19:51:00', '2023-04-08 19:51:00'),
(450, 'Ester', 70, '2023-04-08 19:51:00', '2023-04-08 19:51:00'),
(451, 'Ndimas', 70, '2023-04-08 19:51:00', '2023-04-08 19:51:00'),
(452, 'Semut', 70, '2023-04-08 19:51:00', '2023-04-08 19:51:00'),
(453, 'Budi', 71, '2023-04-08 19:51:00', '2023-04-08 19:51:00'),
(454, 'Byleth', 71, '2023-04-08 19:51:00', '2023-04-08 19:51:00'),
(455, 'Cheris', 71, '2023-04-08 19:51:00', '2023-04-08 19:51:00'),
(456, 'Doni', 71, '2023-04-08 19:51:00', '2023-04-08 19:51:00'),
(457, 'Cici', 71, '2023-04-08 19:51:00', '2023-04-08 19:51:00'),
(458, 'Firman', 71, '2023-04-08 19:51:00', '2023-04-08 19:51:00'),
(459, 'Francis', 71, '2023-04-08 19:51:00', '2023-04-08 19:51:00'),
(460, 'Ester', 71, '2023-04-08 19:51:00', '2023-04-08 19:51:00'),
(461, 'Gigi', 71, '2023-04-08 19:51:00', '2023-04-08 19:51:00'),
(462, 'Margaret', 71, '2023-04-08 19:51:00', '2023-04-08 19:51:00'),
(463, 'Semut', 71, '2023-04-08 19:51:00', '2023-04-08 19:51:00'),
(464, 'Budi', 72, '2023-04-08 19:51:00', '2023-04-08 19:51:00'),
(465, 'Ndimas', 71, '2023-04-08 19:51:00', '2023-04-08 19:51:00'),
(466, 'Byleth', 72, '2023-04-08 19:51:00', '2023-04-08 19:51:00'),
(467, 'Cici', 72, '2023-04-08 19:51:00', '2023-04-08 19:51:00'),
(468, 'Francis', 72, '2023-04-08 19:51:00', '2023-04-08 19:51:00'),
(469, 'Ester', 72, '2023-04-08 19:51:00', '2023-04-08 19:51:00'),
(470, 'Gigi', 72, '2023-04-08 19:51:00', '2023-04-08 19:51:00'),
(471, 'Margaret', 72, '2023-04-08 19:51:00', '2023-04-08 19:51:00'),
(472, 'Semut', 72, '2023-04-08 19:51:00', '2023-04-08 19:51:00'),
(473, 'Ndimas', 72, '2023-04-08 19:51:00', '2023-04-08 19:51:00'),
(474, 'Byleth', 73, '2023-04-08 19:51:00', '2023-04-08 19:51:00'),
(475, 'Budi', 73, '2023-04-08 19:51:00', '2023-04-08 19:51:00'),
(476, 'Doni', 73, '2023-04-08 19:51:00', '2023-04-08 19:51:00'),
(477, 'Francis', 73, '2023-04-08 19:51:00', '2023-04-08 19:51:00'),
(478, 'Gigi', 73, '2023-04-08 19:51:00', '2023-04-08 19:51:00'),
(479, 'Ester', 73, '2023-04-08 19:51:00', '2023-04-08 19:51:00'),
(480, 'Margaret', 73, '2023-04-08 19:51:00', '2023-04-08 19:51:00'),
(481, 'Ndimas', 73, '2023-04-08 19:51:00', '2023-04-08 19:51:00'),
(482, 'Byleth', 74, '2023-04-08 19:51:00', '2023-04-08 19:51:00'),
(483, 'Budi', 74, '2023-04-08 19:51:00', '2023-04-08 19:51:00'),
(484, 'Firman', 74, '2023-04-08 19:51:00', '2023-04-08 19:51:00'),
(485, 'Francis', 74, '2023-04-08 19:51:00', '2023-04-08 19:51:00'),
(486, 'Ester', 74, '2023-04-08 19:51:00', '2023-04-08 19:51:00'),
(487, 'Gigi', 74, '2023-04-08 19:51:00', '2023-04-08 19:51:00'),
(488, 'Margaret', 74, '2023-04-08 19:51:00', '2023-04-08 19:51:00'),
(489, 'Ndimas', 74, '2023-04-08 19:51:00', '2023-04-08 19:51:00'),
(490, 'Andi', 75, '2023-04-08 19:51:00', '2023-04-08 19:51:00'),
(491, 'Byleth', 75, '2023-04-08 19:51:00', '2023-04-08 19:51:00'),
(492, 'Budi', 75, '2023-04-08 19:51:00', '2023-04-08 19:51:00'),
(493, 'Firman', 75, '2023-04-08 19:51:00', '2023-04-08 19:51:00'),
(494, 'Ester', 75, '2023-04-08 19:51:00', '2023-04-08 19:51:00'),
(495, 'Gigi', 75, '2023-04-08 19:51:00', '2023-04-08 19:51:00'),
(496, 'Margaret', 75, '2023-04-08 19:51:00', '2023-04-08 19:51:00'),
(497, 'Ndimas', 75, '2023-04-08 19:51:00', '2023-04-08 19:51:00'),
(498, 'Andi', 76, '2023-04-08 19:51:00', '2023-04-08 19:51:00'),
(499, 'Budi', 76, '2023-04-08 19:51:00', '2023-04-08 19:51:00'),
(500, 'Firman', 76, '2023-04-08 19:51:00', '2023-04-08 19:51:00'),
(501, 'Ester', 76, '2023-04-08 19:51:00', '2023-04-08 19:51:00'),
(502, 'Francis', 76, '2023-04-08 19:51:00', '2023-04-08 19:51:00'),
(503, 'Gigi', 76, '2023-04-08 19:51:00', '2023-04-08 19:51:00'),
(504, 'Margaret', 76, '2023-04-08 19:51:00', '2023-04-08 19:51:00'),
(505, 'Leonardo', 76, '2023-04-08 19:51:00', '2023-04-08 19:51:00'),
(506, 'Andi', 77, '2023-04-08 19:51:00', '2023-04-08 19:51:00'),
(507, 'Budi', 77, '2023-04-08 19:51:00', '2023-04-08 19:51:00'),
(508, 'Firman', 77, '2023-04-08 19:51:00', '2023-04-08 19:51:00'),
(509, 'Ester', 77, '2023-04-08 19:51:00', '2023-04-08 19:51:00'),
(510, 'Gigi', 77, '2023-04-08 19:51:00', '2023-04-08 19:51:00'),
(511, 'Margaret', 77, '2023-04-08 19:51:00', '2023-04-08 19:51:00'),
(512, 'Leonardo', 77, '2023-04-08 19:51:00', '2023-04-08 19:51:00'),
(513, 'Andi', 78, '2023-04-08 19:51:00', '2023-04-08 19:51:00'),
(514, 'Doni', 78, '2023-04-08 19:51:00', '2023-04-08 19:51:00'),
(515, 'Budi', 78, '2023-04-08 19:51:00', '2023-04-08 19:51:00'),
(516, 'Ester', 78, '2023-04-08 19:51:00', '2023-04-08 19:51:00'),
(517, 'Francis', 78, '2023-04-08 19:51:00', '2023-04-08 19:51:00'),
(518, 'Firman', 78, '2023-04-08 19:51:00', '2023-04-08 19:51:00'),
(519, 'Gigi', 78, '2023-04-08 19:51:00', '2023-04-08 19:51:00'),
(520, 'Margaret', 78, '2023-04-08 19:51:00', '2023-04-08 19:51:00'),
(521, 'Leonardo', 78, '2023-04-08 19:51:00', '2023-04-08 19:51:00'),
(522, 'Andi', 79, '2023-04-08 19:51:00', '2023-04-08 19:51:00'),
(523, 'Byleth', 79, '2023-04-08 19:51:00', '2023-04-08 19:51:00'),
(524, 'Budi', 79, '2023-04-08 19:51:00', '2023-04-08 19:51:00'),
(525, 'Cheris', 79, '2023-04-08 19:51:00', '2023-04-08 19:51:00'),
(526, 'Daisy', 79, '2023-04-08 19:51:00', '2023-04-08 19:51:00'),
(527, 'Cici', 79, '2023-04-08 19:51:00', '2023-04-08 19:51:00'),
(528, 'Doni', 79, '2023-04-08 19:51:00', '2023-04-08 19:51:00'),
(529, 'Ester', 79, '2023-04-08 19:51:00', '2023-04-08 19:51:00'),
(530, 'Francis', 79, '2023-04-08 19:51:00', '2023-04-08 19:51:00'),
(531, 'Firman', 79, '2023-04-08 19:51:00', '2023-04-08 19:51:00'),
(532, 'Gigi', 79, '2023-04-08 19:51:00', '2023-04-08 19:51:00'),
(533, 'Andi', 80, '2023-04-08 19:51:00', '2023-04-08 19:51:00'),
(534, 'Byleth', 80, '2023-04-08 19:51:00', '2023-04-08 19:51:00'),
(535, 'Budi', 80, '2023-04-08 19:51:00', '2023-04-08 19:51:00'),
(536, 'Cheris', 80, '2023-04-08 19:51:00', '2023-04-08 19:51:00'),
(537, 'Daisy', 80, '2023-04-08 19:51:00', '2023-04-08 19:51:00'),
(538, 'Cici', 80, '2023-04-08 19:51:00', '2023-04-08 19:51:00'),
(539, 'Doni', 80, '2023-04-08 19:51:00', '2023-04-08 19:51:00'),
(540, 'Ester', 80, '2023-04-08 19:51:00', '2023-04-08 19:51:00'),
(541, 'Francis', 80, '2023-04-08 19:51:00', '2023-04-08 19:51:00'),
(542, 'Firman', 80, '2023-04-08 19:51:00', '2023-04-08 19:51:00'),
(543, 'Byleth', 81, '2023-04-08 19:51:00', '2023-04-08 19:51:00'),
(544, 'Gigi', 80, '2023-04-08 19:51:00', '2023-04-08 19:51:00'),
(545, 'Daisy', 81, '2023-04-08 19:51:00', '2023-04-08 19:51:00'),
(546, 'Hansen', 81, '2023-04-08 19:51:00', '2023-04-08 19:51:00'),
(547, 'Kelvin', 81, '2023-04-08 19:51:00', '2023-04-08 19:51:00'),
(548, 'Gigi', 81, '2023-04-08 19:51:00', '2023-04-08 19:51:00'),
(549, 'Lala', 81, '2023-04-08 19:51:00', '2023-04-08 19:51:00'),
(550, 'Machine', 81, '2023-04-08 19:51:00', '2023-04-08 19:51:00'),
(551, 'Leonardo', 81, '2023-04-08 19:51:00', '2023-04-08 19:51:00'),
(552, 'Daisy', 82, '2023-04-08 19:51:00', '2023-04-08 19:51:00'),
(553, 'Byleth', 82, '2023-04-08 19:51:00', '2023-04-08 19:51:00'),
(554, 'Hansen', 82, '2023-04-08 19:51:00', '2023-04-08 19:51:00'),
(555, 'Gigi', 82, '2023-04-08 19:51:00', '2023-04-08 19:51:00'),
(556, 'Kelvin', 82, '2023-04-08 19:51:00', '2023-04-08 19:51:00'),
(557, 'Lala', 82, '2023-04-08 19:51:00', '2023-04-08 19:51:00'),
(558, 'Machine', 82, '2023-04-08 19:51:00', '2023-04-08 19:51:00'),
(559, 'Leonardo', 82, '2023-04-08 19:51:00', '2023-04-08 19:51:00'),
(560, 'Daisy', 83, '2023-04-08 19:51:00', '2023-04-08 19:51:00'),
(561, 'Byleth', 83, '2023-04-08 19:51:00', '2023-04-08 19:51:00'),
(562, 'Hansen', 83, '2023-04-08 19:51:00', '2023-04-08 19:51:00'),
(563, 'Kelvin', 83, '2023-04-08 19:51:00', '2023-04-08 19:51:00'),
(564, 'Gigi', 83, '2023-04-08 19:51:00', '2023-04-08 19:51:00'),
(565, 'Lala', 83, '2023-04-08 19:51:00', '2023-04-08 19:51:00'),
(566, 'Machine', 83, '2023-04-08 19:51:00', '2023-04-08 19:51:00'),
(567, 'Leonardo', 83, '2023-04-08 19:51:00', '2023-04-08 19:51:00'),
(568, 'Margaret', 83, '2023-04-08 19:51:00', '2023-04-08 19:51:00'),
(569, 'Irman', 84, '2023-04-08 19:51:00', '2023-04-08 19:51:00'),
(570, 'Nicholas', 83, '2023-04-08 19:51:00', '2023-04-08 19:51:00'),
(571, 'Kelvin', 84, '2023-04-08 19:51:00', '2023-04-08 19:51:00'),
(572, 'Lala', 84, '2023-04-08 19:51:00', '2023-04-08 19:51:00'),
(573, 'Junior', 84, '2023-04-08 19:51:00', '2023-04-08 19:51:00'),
(574, 'Machine', 84, '2023-04-08 19:51:00', '2023-04-08 19:51:00'),
(575, 'Leonardo', 84, '2023-04-08 19:51:00', '2023-04-08 19:51:00'),
(576, 'Margaret', 84, '2023-04-08 19:51:00', '2023-04-08 19:51:00'),
(577, 'Mikroskil', 84, '2023-04-08 19:51:00', '2023-04-08 19:51:00'),
(578, 'Mimin', 84, '2023-04-08 19:51:00', '2023-04-08 19:51:00'),
(579, 'Cheris', 85, '2023-04-08 19:51:00', '2023-04-08 19:51:00'),
(580, 'Orman', 85, '2023-04-08 19:51:00', '2023-04-08 19:51:00'),
(581, 'Nicholas', 85, '2023-04-08 19:51:00', '2023-04-08 19:51:00'),
(582, 'Philip', 85, '2023-04-08 19:51:00', '2023-04-08 19:51:00'),
(583, 'Romano', 85, '2023-04-08 19:51:00', '2023-04-08 19:51:00'),
(589, 'UserBaru', 62, '2023-04-09 15:46:52', '2023-04-09 15:46:52');

-- --------------------------------------------------------

--
-- Table structure for table `likes`
--

CREATE TABLE `likes` (
  `id` int(11) NOT NULL,
  `username` varchar(255) NOT NULL,
  `status` tinyint(1) DEFAULT NULL,
  `createdAt` datetime NOT NULL,
  `updatedAt` datetime NOT NULL
) ENGINE=InnoDB DEFAULT CHARSET=utf8mb4 COLLATE=utf8mb4_general_ci;

--
-- Dumping data for table `likes`
--

INSERT INTO `likes` (`id`, `username`, `status`, `createdAt`, `updatedAt`) VALUES
(4, 'Andi', 1, '2023-01-31 11:31:40', '2023-01-31 11:31:40'),
(4, 'Cici', 1, '2023-01-31 11:19:39', '2023-01-31 11:19:39'),
(4, 'Mikroskil', 1, '2023-04-07 16:21:59', '2023-04-07 16:21:59'),
(4, 'Mimin', 1, '2023-04-07 16:22:54', '2023-04-07 16:22:54'),
(4, 'Nicholas', 0, '2023-01-31 11:32:39', '2023-02-12 09:36:36'),
(4, 'Richard', 1, '2023-01-31 11:33:10', '2023-01-31 11:33:10'),
(4, 'Romano', 1, '2023-04-07 09:41:27', '2023-04-07 09:41:27'),
(5, 'Andi', 1, '2023-01-31 11:31:41', '2023-01-31 11:31:41'),
(5, 'Cici', 1, '2023-01-31 11:19:40', '2023-01-31 11:19:40'),
(5, 'Junior', 1, '2023-04-07 09:47:13', '2023-04-07 09:47:13'),
(5, 'Mikroskil', 1, '2023-04-07 16:21:57', '2023-04-07 16:21:57'),
(5, 'Mimin', 1, '2023-04-07 16:22:52', '2023-04-07 16:22:52'),
(5, 'Nicholas', 1, '2023-01-31 11:32:41', '2023-01-31 11:32:41'),
(5, 'Richard', 1, '2023-01-31 11:33:11', '2023-01-31 11:33:11'),
(5, 'Romano', 1, '2023-04-07 09:41:30', '2023-04-07 09:41:30'),
(6, 'Andi', 1, '2023-01-31 11:31:42', '2023-01-31 11:31:42'),
(6, 'Mikroskil', 1, '2023-04-07 16:21:56', '2023-04-07 16:21:56'),
(6, 'Mimin', 1, '2023-04-07 16:22:50', '2023-04-07 16:22:50'),
(6, 'Nicholas', 1, '2023-01-31 11:32:43', '2023-01-31 11:32:43'),
(6, 'Richard', 1, '2023-01-31 11:33:12', '2023-01-31 11:33:12'),
(6, 'Romano', 1, '2023-04-07 09:41:31', '2023-04-07 09:41:31'),
(7, 'Junior', 1, '2023-04-07 09:47:11', '2023-04-07 09:47:11'),
(7, 'Mikroskil', 1, '2023-04-07 16:21:55', '2023-04-07 16:21:55'),
(7, 'Mimin', 1, '2023-04-07 16:22:49', '2023-04-07 16:22:49'),
(7, 'Nicholas', 1, '2023-01-31 11:32:46', '2023-01-31 11:32:46'),
(7, 'Richard', 1, '2023-01-31 11:33:13', '2023-01-31 11:33:13'),
(7, 'Romano', 1, '2023-04-07 09:41:24', '2023-04-07 09:41:24'),
(8, 'Andi', 1, '2023-01-31 11:31:38', '2023-01-31 11:31:38'),
(8, 'Budi', 1, '2023-01-31 11:31:09', '2023-01-31 11:31:09'),
(8, 'Cheris', 1, '2023-01-31 11:31:59', '2023-01-31 11:31:59'),
(8, 'Cici', 1, '2023-01-31 11:20:22', '2023-01-31 11:20:22'),
(8, 'Richard', 1, '2023-01-31 11:33:14', '2023-01-31 11:33:14'),
(8, 'Romano', 1, '2023-04-07 16:25:05', '2023-04-07 16:25:05'),
(9, 'Andi', 1, '2023-01-31 11:31:37', '2023-01-31 11:31:37'),
(9, 'Budi', 1, '2023-01-31 11:31:07', '2023-01-31 11:31:07'),
(9, 'Cheris', 1, '2023-01-31 11:32:00', '2023-01-31 11:32:00'),
(9, 'Cici', 1, '2023-01-31 11:19:33', '2023-01-31 11:19:33'),
(9, 'Richard', 1, '2023-01-31 11:33:16', '2023-01-31 11:33:16'),
(9, 'Romano', 1, '2023-04-07 16:25:03', '2023-04-07 16:25:03'),
(10, 'Andi', 1, '2023-01-31 11:31:35', '2023-01-31 11:31:35'),
(10, 'Cheris', 1, '2023-01-31 11:32:01', '2023-01-31 11:32:01'),
(10, 'Cici', 1, '2023-01-31 11:19:32', '2023-01-31 11:19:32'),
(10, 'Richard', 1, '2023-01-31 11:33:17', '2023-01-31 11:33:17'),
(10, 'Romano', 1, '2023-04-07 16:25:02', '2023-04-07 16:25:02'),
(11, 'Andi', 1, '2023-01-31 11:31:34', '2023-01-31 11:31:34'),
(11, 'Cheris', 1, '2023-01-31 11:32:02', '2023-01-31 11:32:02'),
(11, 'Cici', 1, '2023-01-31 11:19:30', '2023-01-31 11:19:30'),
(11, 'Gigi', 1, '2023-04-07 08:00:56', '2023-04-07 08:00:56'),
(11, 'Irman', 1, '2023-04-07 08:21:00', '2023-04-07 08:21:00'),
(11, 'Richard', 1, '2023-01-31 11:33:18', '2023-01-31 11:33:18'),
(11, 'Romano', 1, '2023-04-07 09:41:35', '2023-04-07 09:41:35'),
(12, 'Cheris', 1, '2023-01-31 11:32:03', '2023-01-31 11:32:03'),
(12, 'Cici', 0, '2023-01-31 11:19:29', '2023-01-31 11:20:11'),
(12, 'Firman', 1, '2023-04-07 08:03:28', '2023-04-07 08:03:28'),
(12, 'Irman', 1, '2023-04-07 08:20:56', '2023-04-07 08:20:56'),
(12, 'Richard', 1, '2023-01-31 11:33:20', '2023-01-31 11:33:20'),
(12, 'Romano', 1, '2023-04-07 16:25:00', '2023-04-07 16:25:00'),
(13, 'Budi', 1, '2023-01-31 11:31:05', '2023-01-31 11:31:05'),
(13, 'Cheris', 1, '2023-01-31 11:32:04', '2023-04-07 09:45:43'),
(13, 'Cici', 1, '2023-01-31 11:19:27', '2023-01-31 11:19:27'),
(13, 'Nicholas', 1, '2023-01-31 11:32:51', '2023-01-31 11:32:51'),
(14, 'Andi', 1, '2023-01-31 11:31:32', '2023-01-31 11:31:32'),
(14, 'Cici', 1, '2023-01-31 11:19:25', '2023-01-31 11:19:25'),
(14, 'Nicholas', 1, '2023-01-31 11:32:36', '2023-01-31 11:32:36'),
(15, 'Andi', 1, '2023-01-31 11:31:31', '2023-01-31 11:31:31'),
(15, 'Cheris', 1, '2023-01-31 11:32:06', '2023-04-07 09:45:40'),
(15, 'Cici', 1, '2023-01-31 11:19:24', '2023-01-31 11:19:24'),
(15, 'Nicholas', 1, '2023-01-31 11:32:53', '2023-01-31 11:32:53'),
(16, 'Budi', 1, '2023-01-31 11:31:03', '2023-01-31 11:31:03'),
(16, 'Cheris', 1, '2023-01-31 11:32:07', '2023-04-07 11:24:21'),
(16, 'Cici', 0, '2023-01-31 11:19:22', '2023-01-31 11:19:47'),
(16, 'Nicholas', 0, '2023-01-31 11:32:55', '2023-02-12 09:36:43'),
(17, 'Andi', 1, '2023-01-31 11:31:29', '2023-01-31 11:31:29'),
(17, 'Cheris', 1, '2023-01-31 11:32:09', '2023-01-31 11:32:09'),
(17, 'Cici', 0, '2023-01-31 11:19:19', '2023-01-31 11:19:49'),
(17, 'Firman', 1, '2023-04-07 08:03:22', '2023-04-07 08:03:22'),
(17, 'Gigi', 1, '2023-04-07 07:59:01', '2023-04-07 07:59:19'),
(17, 'Lala', 1, '2023-04-07 16:19:14', '2023-04-07 16:19:14'),
(17, 'Nicholas', 1, '2023-01-31 11:32:34', '2023-01-31 11:32:34'),
(17, 'Richard', 1, '2023-01-31 11:33:26', '2023-01-31 11:33:26'),
(18, 'Andi', 1, '2023-01-31 11:31:28', '2023-01-31 11:31:28'),
(18, 'Budi', 1, '2023-01-31 11:31:01', '2023-01-31 11:31:01'),
(18, 'Cheris', 1, '2023-01-31 11:32:10', '2023-01-31 11:32:10'),
(18, 'Cici', 1, '2023-01-31 11:19:16', '2023-01-31 11:19:16'),
(18, 'Gigi', 1, '2023-04-07 07:58:58', '2023-04-07 07:59:43'),
(18, 'Irman', 1, '2023-04-07 08:20:51', '2023-04-07 08:20:51'),
(18, 'Junior', 1, '2023-04-07 08:31:12', '2023-04-07 08:31:12'),
(18, 'Lala', 1, '2023-04-07 16:19:13', '2023-04-07 16:19:13'),
(18, 'Richard', 1, '2023-01-31 11:33:27', '2023-01-31 11:33:27'),
(19, 'Cheris', 1, '2023-01-31 11:32:11', '2023-01-31 11:32:11'),
(19, 'Cici', 1, '2023-01-31 11:19:11', '2023-01-31 11:19:11'),
(19, 'Gigi', 1, '2023-04-07 07:58:54', '2023-04-07 07:59:57'),
(19, 'Irman', 1, '2023-04-07 08:20:45', '2023-04-07 08:20:45'),
(19, 'Lala', 1, '2023-04-07 16:19:11', '2023-04-07 16:19:11'),
(19, 'Nicholas', 1, '2023-01-31 11:32:32', '2023-01-31 11:32:32'),
(19, 'Richard', 1, '2023-01-31 11:33:28', '2023-01-31 11:33:28'),
(20, 'Andi', 1, '2023-01-31 11:31:26', '2023-01-31 11:31:26'),
(20, 'Budi', 1, '2023-01-31 11:30:59', '2023-01-31 11:30:59'),
(20, 'Cici', 1, '2023-01-31 11:19:09', '2023-01-31 11:19:09'),
(20, 'Firman', 1, '2023-04-07 08:03:15', '2023-04-07 08:03:15'),
(20, 'Gigi', 1, '2023-04-07 07:56:03', '2023-04-07 07:56:05'),
(20, 'Hansen', 1, '2023-04-07 16:14:34', '2023-04-07 16:14:34'),
(20, 'Junior', 1, '2023-04-07 08:30:51', '2023-04-07 08:30:51'),
(20, 'Romano', 1, '2023-04-07 09:51:49', '2023-04-07 09:51:49'),
(21, 'Cheris', 0, '2023-01-31 11:32:13', '2023-02-12 07:42:59'),
(21, 'Cici', 1, '2023-01-31 11:19:08', '2023-01-31 11:19:08'),
(21, 'Ester', 1, '2023-04-07 11:31:26', '2023-04-07 11:31:26'),
(21, 'Firman', 1, '2023-04-07 08:03:11', '2023-04-07 08:03:11'),
(21, 'Gigi', 1, '2023-04-07 07:55:59', '2023-04-07 07:56:08'),
(21, 'Irman', 1, '2023-04-07 08:20:40', '2023-04-07 08:20:40'),
(21, 'Junior', 1, '2023-04-07 08:30:43', '2023-04-07 08:30:43'),
(21, 'Kelvin', 1, '2023-04-07 08:49:17', '2023-04-07 08:49:17'),
(21, 'Lala', 1, '2023-04-07 08:52:57', '2023-04-07 08:52:57'),
(21, 'Mikroskil', 1, '2023-04-07 10:28:54', '2023-04-07 10:28:54'),
(21, 'Nicholas', 1, '2023-02-12 07:42:45', '2023-02-12 07:43:12'),
(21, 'Romano', 0, '2023-04-07 09:41:20', '2023-04-07 09:51:45'),
(22, 'Andi', 1, '2023-01-31 11:31:24', '2023-01-31 11:31:24'),
(22, 'Budi', 1, '2023-01-31 11:30:56', '2023-01-31 11:30:56'),
(22, 'Cheris', 1, '2023-01-31 11:31:53', '2023-01-31 11:31:53'),
(22, 'Cici', 1, '2023-01-31 11:19:04', '2023-01-31 11:19:04'),
(22, 'Ester', 1, '2023-04-07 11:31:24', '2023-04-07 11:31:24'),
(22, 'Firman', 1, '2023-04-07 08:03:07', '2023-04-07 08:03:07'),
(22, 'Gigi', 1, '2023-04-07 07:55:48', '2023-04-07 07:56:14'),
(22, 'Junior', 1, '2023-04-07 08:30:32', '2023-04-07 08:30:32'),
(22, 'Kelvin', 1, '2023-04-07 08:49:14', '2023-04-07 08:49:14'),
(22, 'Lala', 1, '2023-04-07 08:52:52', '2023-04-07 08:52:52'),
(22, 'Mikroskil', 1, '2023-04-07 10:27:32', '2023-04-07 10:27:32'),
(22, 'Nicholas', 1, '2023-02-08 14:30:25', '2023-02-08 14:38:16'),
(22, 'Richard', 1, '2023-01-31 11:33:30', '2023-01-31 11:33:30'),
(22, 'Romano', 1, '2023-04-07 09:51:43', '2023-04-07 09:51:43'),
(23, 'Budi', 1, '2023-01-31 11:30:55', '2023-01-31 11:30:55'),
(23, 'Cheris', 1, '2023-01-31 11:32:15', '2023-01-31 11:32:15'),
(23, 'Cici', 0, '2023-01-31 11:19:01', '2023-01-31 11:19:55'),
(23, 'Kelvin', 1, '2023-04-07 16:18:02', '2023-04-07 16:18:02'),
(23, 'Nicholas', 1, '2023-01-31 11:32:29', '2023-01-31 11:32:29'),
(23, 'Richard', 1, '2023-01-31 11:33:32', '2023-01-31 11:33:32'),
(24, 'Andi', 1, '2023-01-31 11:31:22', '2023-04-01 13:23:32'),
(24, 'Cheris', 1, '2023-01-31 11:32:18', '2023-04-07 11:24:11'),
(24, 'Cici', 1, '2023-01-31 11:18:59', '2023-01-31 11:18:59'),
(24, 'Kelvin', 1, '2023-04-07 16:18:01', '2023-04-07 16:18:01'),
(24, 'Nicholas', 1, '2023-01-31 11:32:28', '2023-02-12 07:42:41'),
(24, 'Richard', 0, '2023-01-31 11:33:08', '2023-01-31 11:33:34'),
(26, 'Cheris', 1, '2023-04-07 09:45:55', '2023-04-07 09:45:55'),
(26, 'Ester', 1, '2023-04-07 11:31:23', '2023-04-07 11:31:23'),
(26, 'Mikroskil', 1, '2023-04-07 10:27:30', '2023-04-07 10:27:30'),
(27, 'Ester', 1, '2023-04-07 11:31:21', '2023-04-07 11:31:21'),
(27, 'Firman', 1, '2023-04-07 08:01:53', '2023-04-07 08:01:53'),
(27, 'Junior', 1, '2023-04-07 08:30:24', '2023-04-07 08:30:24'),
(27, 'Mikroskil', 1, '2023-04-07 10:27:27', '2023-04-07 10:27:27'),
(28, 'Cheris', 1, '2023-04-07 09:45:49', '2023-04-07 09:45:49'),
(28, 'Ester', 1, '2023-04-07 11:31:17', '2023-04-07 11:31:17'),
(28, 'Firman', 1, '2023-04-07 08:01:48', '2023-04-07 08:01:48'),
(28, 'Mikroskil', 1, '2023-04-07 10:28:48', '2023-04-07 10:28:48'),
(28, 'Romano', 1, '2023-04-07 09:42:16', '2023-04-07 09:42:16'),
(29, 'Cheris', 1, '2023-04-07 11:24:05', '2023-04-07 11:24:05'),
(29, 'Ester', 1, '2023-04-07 11:31:15', '2023-04-07 11:31:15'),
(29, 'Irman', 1, '2023-04-07 08:20:32', '2023-04-07 08:20:32'),
(29, 'Mikroskil', 1, '2023-04-07 10:28:46', '2023-04-07 10:28:46'),
(29, 'Romano', 1, '2023-04-07 09:42:14', '2023-04-07 09:42:14'),
(30, 'Cheris', 1, '2023-04-07 11:24:03', '2023-04-07 11:24:03'),
(30, 'Ester', 1, '2023-04-07 11:31:13', '2023-04-07 11:31:13'),
(30, 'Irman', 1, '2023-04-07 08:20:26', '2023-04-07 08:20:26'),
(30, 'Lala', 1, '2023-04-07 09:02:56', '2023-04-07 09:02:56'),
(30, 'Mikroskil', 1, '2023-04-07 10:28:45', '2023-04-07 10:28:45'),
(31, 'Cheris', 1, '2023-04-07 11:24:02', '2023-04-07 11:24:02'),
(31, 'Ester', 1, '2023-04-07 11:31:11', '2023-04-07 11:31:11'),
(31, 'Irman', 1, '2023-04-07 08:20:22', '2023-04-07 08:20:22'),
(31, 'Junior', 1, '2023-04-07 08:30:19', '2023-04-07 08:30:19'),
(31, 'Lala', 1, '2023-04-07 08:53:24', '2023-04-07 08:53:24'),
(31, 'Philip', 1, '2023-04-07 09:27:00', '2023-04-07 09:27:00'),
(32, 'Cheris', 1, '2023-04-07 11:24:00', '2023-04-07 11:24:00'),
(32, 'Ester', 1, '2023-04-07 11:31:10', '2023-04-07 11:31:10'),
(32, 'Kelvin', 1, '2023-04-07 08:49:50', '2023-04-07 08:49:50'),
(32, 'Lala', 1, '2023-04-07 08:53:06', '2023-04-07 08:53:06'),
(32, 'Leonardo', 0, '2023-04-07 09:34:25', '2023-04-07 09:36:04'),
(32, 'Mikroskil', 1, '2023-04-07 10:28:42', '2023-04-07 10:28:42'),
(33, 'Cheris', 1, '2023-04-07 11:23:57', '2023-04-07 11:23:57'),
(33, 'Ester', 1, '2023-04-07 11:31:09', '2023-04-07 11:31:09'),
(33, 'Kelvin', 1, '2023-04-07 08:49:45', '2023-04-07 08:49:45'),
(33, 'Leonardo', 1, '2023-04-07 09:36:02', '2023-04-07 09:36:02'),
(33, 'Mikroskil', 1, '2023-04-07 10:27:35', '2023-04-07 10:27:35'),
(33, 'Mimin', 1, '2023-04-07 09:04:23', '2023-04-07 09:04:23'),
(34, 'Cheris', 1, '2023-04-07 11:23:32', '2023-04-07 11:23:32'),
(34, 'Ester', 1, '2023-04-07 11:31:07', '2023-04-07 11:31:07'),
(34, 'Junior', 1, '2023-04-07 08:30:15', '2023-04-07 08:30:15'),
(34, 'Kelvin', 1, '2023-04-07 08:49:42', '2023-04-07 08:49:42'),
(34, 'Leonardo', 0, '2023-04-07 09:34:23', '2023-04-07 16:19:55'),
(34, 'Mimin', 1, '2023-04-07 09:04:16', '2023-04-07 09:04:16'),
(34, 'Philip', 1, '2023-04-07 09:26:56', '2023-04-07 09:26:56'),
(34, 'Romano', 1, '2023-04-07 09:41:17', '2023-04-07 09:41:17'),
(35, 'Cheris', 1, '2023-04-07 11:23:31', '2023-04-07 11:23:31'),
(35, 'Ester', 1, '2023-04-07 11:31:06', '2023-04-07 11:31:06'),
(35, 'Mikroskil', 1, '2023-04-07 10:27:40', '2023-04-07 10:27:40'),
(35, 'Romano', 1, '2023-04-07 09:42:32', '2023-04-07 09:42:32'),
(36, 'Cheris', 1, '2023-04-07 11:23:29', '2023-04-07 11:23:29'),
(36, 'Ester', 1, '2023-04-07 11:31:05', '2023-04-07 11:31:05'),
(36, 'Lala', 1, '2023-04-07 08:52:35', '2023-04-07 08:52:35'),
(36, 'Leonardo', 1, '2023-04-07 09:34:21', '2023-04-07 09:34:21'),
(36, 'Mikroskil', 1, '2023-04-07 10:27:23', '2023-04-07 10:27:23'),
(36, 'Mimin', 1, '2023-04-07 09:04:30', '2023-04-07 09:04:30'),
(36, 'Romano', 1, '2023-04-07 09:42:07', '2023-04-07 09:42:07'),
(37, 'Cheris', 1, '2023-04-07 11:23:27', '2023-04-07 11:23:27'),
(37, 'Ester', 1, '2023-04-07 11:31:03', '2023-04-07 11:31:03'),
(37, 'Lala', 1, '2023-04-07 08:52:33', '2023-04-07 08:52:33'),
(37, 'Leonardo', 1, '2023-04-07 09:34:19', '2023-04-07 09:34:19'),
(37, 'Mikroskil', 1, '2023-04-07 10:23:07', '2023-04-07 10:23:07'),
(37, 'Mimin', 1, '2023-04-07 09:04:11', '2023-04-07 09:04:11'),
(40, 'Cheris', 1, '2023-04-07 11:23:25', '2023-04-07 11:23:25'),
(40, 'Ester', 1, '2023-04-07 11:31:01', '2023-04-07 11:31:01'),
(40, 'Junior', 1, '2023-04-07 09:47:24', '2023-04-07 09:47:24'),
(40, 'Mikroskil', 1, '2023-04-07 10:22:44', '2023-04-07 10:22:44'),
(40, 'Mimin', 1, '2023-04-07 09:08:29', '2023-04-07 09:08:29'),
(41, 'Cheris', 1, '2023-04-07 11:23:21', '2023-04-07 11:23:21'),
(41, 'Cici', 1, '2023-04-07 11:27:05', '2023-04-07 11:27:05'),
(41, 'Ester', 1, '2023-04-07 11:30:59', '2023-04-07 11:30:59'),
(41, 'Junior', 1, '2023-04-07 09:47:22', '2023-04-07 09:47:22'),
(41, 'Leonardo', 1, '2023-04-07 09:34:17', '2023-04-07 09:34:17'),
(42, 'Cici', 1, '2023-04-07 11:27:03', '2023-04-07 11:27:03'),
(42, 'Ester', 1, '2023-04-07 11:30:57', '2023-04-07 11:30:57'),
(42, 'Junior', 1, '2023-04-07 09:47:21', '2023-04-07 09:47:21'),
(42, 'Leonardo', 1, '2023-04-07 09:34:16', '2023-04-07 09:34:16'),
(42, 'Philip', 1, '2023-04-07 09:26:49', '2023-04-07 09:26:49'),
(43, 'Cici', 1, '2023-04-07 11:27:01', '2023-04-07 11:27:01'),
(43, 'Ester', 1, '2023-04-07 11:30:56', '2023-04-07 11:30:56'),
(43, 'Junior', 1, '2023-04-07 09:47:19', '2023-04-07 09:47:19'),
(43, 'Leonardo', 1, '2023-04-07 10:19:45', '2023-04-07 10:19:45'),
(43, 'Mimin', 1, '2023-04-07 09:08:23', '2023-04-07 09:08:23'),
(44, 'Cici', 1, '2023-04-07 11:26:59', '2023-04-07 11:26:59'),
(44, 'Ester', 1, '2023-04-07 11:30:55', '2023-04-07 11:30:55'),
(44, 'Mimin', 1, '2023-04-07 09:04:04', '2023-04-07 09:04:04'),
(44, 'Nicholas', 1, '2023-04-07 09:48:55', '2023-04-07 09:48:55'),
(45, 'Cici', 1, '2023-04-07 11:26:57', '2023-04-07 11:26:57'),
(45, 'Ester', 1, '2023-04-07 11:30:53', '2023-04-07 11:30:53'),
(45, 'Hansen', 1, '2023-04-07 16:13:26', '2023-04-07 16:13:26'),
(45, 'Irman', 1, '2023-04-07 16:15:25', '2023-04-07 16:15:25'),
(45, 'Junior', 1, '2023-04-07 09:47:35', '2023-04-07 09:47:35'),
(45, 'Leonardo', 1, '2023-04-07 09:34:10', '2023-04-07 09:34:10'),
(45, 'Nicholas', 1, '2023-04-07 09:48:53', '2023-04-07 09:48:53'),
(46, 'Cici', 1, '2023-04-07 11:26:55', '2023-04-07 11:26:55'),
(46, 'Ester', 1, '2023-04-07 11:30:52', '2023-04-07 11:30:52'),
(46, 'Irman', 0, '2023-04-07 09:36:55', '2023-04-07 16:15:23'),
(46, 'Junior', 1, '2023-04-07 09:47:40', '2023-04-07 09:47:41'),
(46, 'Leonardo', 1, '2023-04-07 09:34:09', '2023-04-07 09:34:09'),
(46, 'Nicholas', 1, '2023-04-07 09:48:52', '2023-04-07 09:48:52'),
(46, 'Romano', 1, '2023-04-07 09:41:06', '2023-04-07 09:41:06'),
(47, 'Andi', 1, '2023-04-07 09:44:10', '2023-04-07 09:44:10'),
(47, 'Cici', 1, '2023-04-07 11:26:52', '2023-04-07 11:26:52'),
(47, 'Ester', 1, '2023-04-07 11:30:51', '2023-04-07 11:30:51'),
(47, 'Hansen', 1, '2023-04-07 16:13:23', '2023-04-07 16:13:23'),
(47, 'Irman', 1, '2023-04-07 16:15:21', '2023-04-07 16:15:21'),
(47, 'Junior', 1, '2023-04-07 09:47:33', '2023-04-07 09:47:43'),
(47, 'Leonardo', 1, '2023-04-07 09:33:52', '2023-04-07 09:33:52'),
(47, 'Ndimas', 1, '2023-04-07 11:03:18', '2023-04-07 11:03:18'),
(47, 'Nicholas', 1, '2023-04-07 09:48:49', '2023-04-07 09:48:49'),
(48, 'Cici', 1, '2023-04-07 11:26:50', '2023-04-07 11:26:50'),
(48, 'Ester', 1, '2023-04-07 11:30:50', '2023-04-07 11:30:50'),
(48, 'Gigi', 1, '2023-04-07 09:59:31', '2023-04-07 09:59:31'),
(48, 'Junior', 1, '2023-04-07 16:16:33', '2023-04-07 16:16:33'),
(48, 'Leonardo', 1, '2023-04-07 09:33:51', '2023-04-07 09:33:51'),
(48, 'Mikroskil', 1, '2023-04-07 10:22:09', '2023-04-07 10:22:09'),
(48, 'Mimin', 1, '2023-04-07 09:52:45', '2023-04-07 09:52:45'),
(48, 'Romano', 1, '2023-04-07 09:42:00', '2023-04-07 09:42:00'),
(49, 'Andi', 1, '2023-04-07 09:44:08', '2023-04-07 09:44:08'),
(49, 'Cici', 1, '2023-04-07 11:26:47', '2023-04-07 11:26:47'),
(49, 'Ester', 1, '2023-04-07 11:30:49', '2023-04-07 11:30:49'),
(49, 'Gigi', 1, '2023-04-07 09:59:30', '2023-04-07 09:59:30'),
(49, 'Irman', 1, '2023-04-07 09:36:53', '2023-04-07 09:36:53'),
(49, 'Junior', 1, '2023-04-07 09:47:04', '2023-04-07 09:47:04'),
(49, 'Leonardo', 1, '2023-04-07 09:33:47', '2023-04-07 09:33:47'),
(49, 'Mimin', 1, '2023-04-07 09:52:47', '2023-04-07 09:52:47'),
(49, 'Nicholas', 1, '2023-04-07 09:48:48', '2023-04-07 09:48:48'),
(49, 'Philip', 1, '2023-04-07 09:26:40', '2023-04-07 09:26:40'),
(50, 'Andi', 1, '2023-04-07 09:44:06', '2023-04-07 09:44:06'),
(50, 'Cici', 1, '2023-04-07 11:26:45', '2023-04-07 11:26:45'),
(50, 'Ester', 1, '2023-04-07 11:30:47', '2023-04-07 11:30:47'),
(50, 'Gigi', 1, '2023-04-07 09:59:28', '2023-04-07 09:59:28'),
(50, 'Junior', 1, '2023-04-07 16:16:31', '2023-04-07 16:16:31'),
(50, 'Leonardo', 1, '2023-04-07 09:33:46', '2023-04-07 09:33:46'),
(50, 'Mikroskil', 1, '2023-04-07 10:22:00', '2023-04-07 10:22:00'),
(50, 'Mimin', 1, '2023-04-07 09:52:37', '2023-04-07 09:52:37'),
(50, 'Nicholas', 1, '2023-04-07 09:48:46', '2023-04-07 09:48:46'),
(50, 'Philip', 1, '2023-04-07 09:26:29', '2023-04-07 09:26:29'),
(51, 'Andi', 1, '2023-04-07 09:44:05', '2023-04-07 09:44:05'),
(51, 'Budi', 1, '2023-04-07 09:56:05', '2023-04-07 09:56:05'),
(51, 'Cheris', 1, '2023-04-07 11:23:17', '2023-04-07 11:23:17'),
(51, 'Cici', 1, '2023-04-07 11:26:43', '2023-04-07 11:26:43'),
(51, 'Doni', 1, '2023-04-07 11:29:08', '2023-04-07 11:29:08'),
(51, 'Ester', 1, '2023-04-07 11:30:44', '2023-04-07 11:30:44'),
(51, 'Firman', 1, '2023-04-07 09:54:16', '2023-04-07 09:54:16'),
(51, 'Mimin', 1, '2023-04-07 09:52:35', '2023-04-07 09:52:35'),
(51, 'Romano', 1, '2023-04-07 09:41:08', '2023-04-07 09:41:08'),
(52, 'Andi', 1, '2023-04-07 09:44:04', '2023-04-07 09:44:04'),
(52, 'Cici', 1, '2023-04-07 11:26:41', '2023-04-07 11:26:41'),
(52, 'Doni', 1, '2023-04-07 11:29:10', '2023-04-07 11:29:10'),
(52, 'Ester', 1, '2023-04-07 11:30:42', '2023-04-07 11:30:42'),
(52, 'Leonardo', 1, '2023-04-07 09:33:44', '2023-04-07 09:33:44'),
(52, 'Ndimas', 1, '2023-04-07 11:01:58', '2023-04-07 11:01:58'),
(53, 'Cici', 1, '2023-04-07 11:26:40', '2023-04-07 11:26:40'),
(53, 'Doni', 1, '2023-04-07 11:29:12', '2023-04-07 11:29:12'),
(53, 'Ester', 1, '2023-04-07 11:30:40', '2023-04-07 11:30:40'),
(53, 'Irman', 1, '2023-04-07 09:36:51', '2023-04-07 09:36:51'),
(53, 'Leonardo', 1, '2023-04-07 09:33:42', '2023-04-07 09:33:42'),
(53, 'Mimin', 1, '2023-04-07 09:52:34', '2023-04-07 09:52:34'),
(53, 'Ndimas', 1, '2023-04-07 11:01:55', '2023-04-07 11:01:55'),
(53, 'Nicholas', 1, '2023-04-07 09:48:38', '2023-04-07 09:48:38'),
(53, 'Romano', 1, '2023-04-07 09:41:56', '2023-04-07 09:41:56'),
(54, 'Cici', 1, '2023-04-07 11:26:38', '2023-04-07 11:26:38'),
(54, 'Daisy', 1, '2023-04-07 10:43:24', '2023-04-07 10:43:24'),
(54, 'Ester', 1, '2023-04-07 11:30:38', '2023-04-07 11:30:38'),
(54, 'Irman', 1, '2023-04-07 16:15:34', '2023-04-07 16:15:34'),
(54, 'Ndimas', 1, '2023-04-07 11:01:54', '2023-04-07 11:01:54'),
(54, 'Nicholas', 1, '2023-04-07 09:48:35', '2023-04-07 09:48:35'),
(54, 'Sylvain', 1, '2023-04-07 10:04:53', '2023-04-07 10:04:53'),
(55, 'Andi', 1, '2023-04-07 09:44:00', '2023-04-07 09:44:00'),
(55, 'Cheris', 1, '2023-04-07 09:45:31', '2023-04-07 09:45:31'),
(55, 'Daisy', 1, '2023-04-07 10:43:23', '2023-04-07 10:43:23'),
(55, 'Ester', 1, '2023-04-07 09:37:42', '2023-04-07 09:37:42'),
(55, 'Gigi', 1, '2023-04-07 09:59:23', '2023-04-07 09:59:23'),
(55, 'Irman', 1, '2023-04-07 09:36:49', '2023-04-07 09:36:49'),
(55, 'Junior', 1, '2023-04-07 09:46:59', '2023-04-07 09:46:59'),
(55, 'Mikroskil', 1, '2023-04-07 10:21:55', '2023-04-07 10:21:55'),
(55, 'Mimin', 1, '2023-04-07 09:52:32', '2023-04-07 09:52:32'),
(55, 'Ndimas', 1, '2023-04-07 11:01:52', '2023-04-07 11:01:52'),
(55, 'Nicholas', 1, '2023-04-07 09:48:14', '2023-04-07 09:48:14'),
(56, 'Cici', 1, '2023-04-07 11:26:35', '2023-04-07 11:26:35'),
(56, 'Daisy', 1, '2023-04-07 10:43:18', '2023-04-07 10:43:18'),
(56, 'Ester', 1, '2023-04-07 11:30:36', '2023-04-07 11:30:36'),
(56, 'Gigi', 1, '2023-04-07 09:58:43', '2023-04-07 09:58:43'),
(56, 'Leonardo', 1, '2023-04-07 10:19:37', '2023-04-07 10:19:37'),
(56, 'Mikroskil', 1, '2023-04-07 10:21:53', '2023-04-07 10:21:53'),
(56, 'Mimin', 1, '2023-04-07 09:52:28', '2023-04-07 09:52:28'),
(56, 'Ndimas', 1, '2023-04-07 11:01:48', '2023-04-07 11:01:48'),
(56, 'Nicholas', 1, '2023-04-07 09:48:12', '2023-04-07 09:48:43'),
(57, 'Budi', 1, '2023-04-07 09:56:00', '2023-04-07 09:56:00'),
(57, 'Cici', 1, '2023-04-07 11:26:34', '2023-04-07 11:26:34'),
(57, 'Daisy', 1, '2023-04-07 10:43:16', '2023-04-07 10:43:16'),
(57, 'Ester', 1, '2023-04-07 11:30:34', '2023-04-07 11:30:34'),
(57, 'Firman', 1, '2023-04-07 09:54:07', '2023-04-07 09:54:07'),
(57, 'Kelvin', 1, '2023-04-07 16:18:14', '2023-04-07 16:18:14'),
(57, 'Leonardo', 1, '2023-04-07 10:19:35', '2023-04-07 10:19:35'),
(57, 'Machine', 1, '2023-04-07 10:02:50', '2023-04-07 10:02:50'),
(57, 'Mimin', 1, '2023-04-07 09:52:30', '2023-04-07 09:52:30'),
(57, 'Ndimas', 1, '2023-04-07 11:01:47', '2023-04-07 11:01:47'),
(57, 'Sylvain', 1, '2023-04-07 10:07:40', '2023-04-07 10:07:40'),
(58, 'Daisy', 1, '2023-04-07 10:43:15', '2023-04-07 10:43:15'),
(58, 'Ester', 1, '2023-04-07 11:30:32', '2023-04-07 11:30:32'),
(58, 'Firman', 1, '2023-04-07 11:32:38', '2023-04-07 11:32:38'),
(58, 'Gigi', 1, '2023-04-07 09:58:41', '2023-04-07 09:58:41'),
(58, 'Kelvin', 1, '2023-04-07 16:18:12', '2023-04-07 16:18:12'),
(58, 'Leonardo', 1, '2023-04-07 10:19:32', '2023-04-07 10:19:32'),
(58, 'Machine', 1, '2023-04-07 10:02:48', '2023-04-07 10:02:48'),
(58, 'Mikroskil', 1, '2023-04-07 10:21:48', '2023-04-07 10:21:48'),
(58, 'Mimin', 1, '2023-04-07 09:52:08', '2023-04-07 09:52:08'),
(58, 'Ndimas', 1, '2023-04-07 11:01:44', '2023-04-07 11:01:44'),
(59, 'Budi', 1, '2023-04-07 09:55:56', '2023-04-07 09:55:56'),
(59, 'Byleth', 1, '2023-04-07 11:09:30', '2023-04-07 11:09:30'),
(59, 'Daisy', 1, '2023-04-07 10:38:05', '2023-04-07 10:38:05'),
(59, 'Ester', 1, '2023-04-07 11:30:31', '2023-04-07 11:30:31'),
(59, 'Leonardo', 1, '2023-04-07 10:19:31', '2023-04-07 10:19:31'),
(59, 'Machine', 1, '2023-04-07 10:02:46', '2023-04-07 10:02:46'),
(59, 'Margaret', 1, '2023-04-07 11:14:26', '2023-04-07 11:14:26'),
(59, 'Ndimas', 1, '2023-04-07 11:01:43', '2023-04-07 11:01:43'),
(59, 'Sylvain', 1, '2023-04-07 10:07:37', '2023-04-07 10:07:37'),
(60, 'Budi', 1, '2023-04-07 09:55:52', '2023-04-07 09:55:52'),
(60, 'Byleth', 1, '2023-04-07 11:09:27', '2023-04-07 11:09:27'),
(60, 'Daisy', 1, '2023-04-07 10:37:57', '2023-04-07 10:37:57'),
(60, 'Ester', 1, '2023-04-07 11:30:29', '2023-04-07 11:30:29'),
(60, 'Leonardo', 1, '2023-04-07 10:19:29', '2023-04-07 10:19:29'),
(60, 'Machine', 1, '2023-04-07 10:02:45', '2023-04-07 10:02:45'),
(60, 'Margaret', 1, '2023-04-07 11:14:23', '2023-04-07 11:14:23'),
(60, 'Ndimas', 1, '2023-04-07 11:01:41', '2023-04-07 11:01:41'),
(60, 'Sylvain', 1, '2023-04-07 10:07:36', '2023-04-07 10:07:36'),
(60, 'UserBaru', 0, '2023-04-09 15:46:35', '2023-04-09 15:47:03'),
(61, 'Byleth', 1, '2023-04-07 11:09:25', '2023-04-07 11:09:25'),
(61, 'Cheris', 1, '2023-04-07 11:23:15', '2023-04-07 11:23:15'),
(61, 'Daisy', 1, '2023-04-07 10:37:48', '2023-04-07 10:37:48'),
(61, 'Doni', 1, '2023-04-07 11:29:04', '2023-04-07 11:29:04'),
(61, 'Ester', 1, '2023-04-07 11:30:26', '2023-04-07 11:30:26'),
(61, 'Firman', 1, '2023-04-07 11:32:35', '2023-04-07 11:32:35'),
(61, 'Junior', 1, '2023-04-07 16:16:54', '2023-04-07 16:16:54'),
(61, 'Leonardo', 1, '2023-04-07 10:19:27', '2023-04-07 10:19:27'),
(61, 'Margaret', 1, '2023-04-07 11:14:19', '2023-04-07 11:14:19'),
(61, 'Ndimas', 1, '2023-04-07 11:01:40', '2023-04-07 11:01:40'),
(61, 'Sylvain', 1, '2023-04-07 10:04:48', '2023-04-07 10:04:48'),
(62, 'Byleth', 1, '2023-04-07 11:09:22', '2023-04-07 11:09:22'),
(62, 'Cici', 1, '2023-04-07 11:26:28', '2023-04-07 11:26:28'),
(62, 'Daisy', 1, '2023-04-07 10:37:41', '2023-04-07 10:37:41'),
(62, 'Ester', 1, '2023-04-07 11:30:25', '2023-04-07 11:30:25'),
(62, 'Firman', 1, '2023-04-07 11:32:34', '2023-04-07 11:32:34'),
(62, 'Leonardo', 1, '2023-04-07 10:19:25', '2023-04-07 10:19:25'),
(62, 'Margaret', 1, '2023-04-07 11:14:14', '2023-04-07 11:14:14'),
(62, 'Ndimas', 1, '2023-04-07 11:01:39', '2023-04-07 11:01:39'),
(62, 'Sylvain', 1, '2023-04-07 10:04:47', '2023-04-07 10:04:47'),
(62, 'UserBaru', 1, '2023-04-09 15:46:52', '2023-04-09 15:46:52'),
(63, 'Byleth', 1, '2023-04-07 11:09:20', '2023-04-07 11:09:20'),
(63, 'Daisy', 1, '2023-04-07 10:37:40', '2023-04-07 10:37:40'),
(63, 'Ester', 1, '2023-04-07 11:30:23', '2023-04-07 11:30:23'),
(63, 'Firman', 1, '2023-04-07 11:32:32', '2023-04-07 11:32:32'),
(63, 'Junior', 1, '2023-04-07 16:16:52', '2023-04-07 16:16:52'),
(63, 'Leonardo', 1, '2023-04-07 10:19:20', '2023-04-07 10:19:20'),
(63, 'Margaret', 1, '2023-04-07 11:14:13', '2023-04-07 11:14:13'),
(63, 'Ndimas', 1, '2023-04-07 11:00:50', '2023-04-07 11:00:50'),
(63, 'Semut', 1, '2023-04-07 10:59:30', '2023-04-07 10:59:30'),
(63, 'Sylvain', 1, '2023-04-07 10:04:43', '2023-04-07 10:04:43'),
(64, 'Byleth', 1, '2023-04-07 11:09:16', '2023-04-07 11:09:16'),
(64, 'Daisy', 1, '2023-04-07 10:37:25', '2023-04-07 10:37:25'),
(64, 'Ester', 1, '2023-04-07 11:30:22', '2023-04-07 11:30:22'),
(64, 'Firman', 1, '2023-04-07 11:32:29', '2023-04-07 11:32:29'),
(64, 'Machine', 1, '2023-04-07 16:20:38', '2023-04-07 16:20:38'),
(64, 'Margaret', 1, '2023-04-07 11:14:12', '2023-04-07 11:14:12'),
(64, 'Mikroskil', 1, '2023-04-07 10:23:33', '2023-04-07 10:23:33'),
(64, 'Ndimas', 1, '2023-04-07 11:00:48', '2023-04-07 11:00:48'),
(64, 'Semut', 1, '2023-04-07 10:59:29', '2023-04-07 10:59:29'),
(65, 'Budi', 1, '2023-04-07 11:20:16', '2023-04-07 11:20:16'),
(65, 'Byleth', 1, '2023-04-07 11:09:13', '2023-04-07 11:09:13'),
(65, 'Daisy', 1, '2023-04-07 10:37:26', '2023-04-07 10:37:26'),
(65, 'Ester', 1, '2023-04-07 11:30:21', '2023-04-07 11:30:21'),
(65, 'Firman', 1, '2023-04-07 11:32:30', '2023-04-07 11:32:30'),
(65, 'Leonardo', 1, '2023-04-07 10:18:57', '2023-04-07 10:18:57'),
(65, 'Machine', 1, '2023-04-07 16:20:36', '2023-04-07 16:20:36'),
(65, 'Margaret', 1, '2023-04-07 11:14:11', '2023-04-07 11:14:11'),
(65, 'Mikroskil', 1, '2023-04-07 10:21:41', '2023-04-07 10:21:41'),
(65, 'Ndimas', 1, '2023-04-07 11:00:45', '2023-04-07 11:00:45'),
(65, 'Semut', 1, '2023-04-07 10:59:26', '2023-04-07 10:59:26'),
(66, 'Budi', 1, '2023-04-07 11:20:13', '2023-04-07 11:20:13'),
(66, 'Byleth', 1, '2023-04-07 11:09:09', '2023-04-07 11:09:09'),
(66, 'Daisy', 1, '2023-04-07 10:37:32', '2023-04-07 10:37:32'),
(66, 'Ester', 1, '2023-04-07 11:30:19', '2023-04-07 11:30:19'),
(66, 'Leonardo', 1, '2023-04-07 10:18:56', '2023-04-07 10:18:56'),
(66, 'Machine', 1, '2023-04-07 16:20:35', '2023-04-07 16:20:35'),
(66, 'Margaret', 1, '2023-04-07 11:14:09', '2023-04-07 11:14:09'),
(66, 'Mikroskil', 1, '2023-04-07 10:21:40', '2023-04-07 10:21:40'),
(66, 'Ndimas', 1, '2023-04-07 11:00:42', '2023-04-07 11:00:42'),
(66, 'Semut', 1, '2023-04-07 10:59:25', '2023-04-07 10:59:25'),
(67, 'Budi', 1, '2023-04-07 11:20:12', '2023-04-07 11:20:12'),
(67, 'Byleth', 1, '2023-04-07 11:09:07', '2023-04-07 11:09:07'),
(67, 'Ester', 1, '2023-04-07 11:30:17', '2023-04-07 11:30:17'),
(67, 'Leonardo', 1, '2023-04-07 10:18:55', '2023-04-07 10:18:55'),
(67, 'Margaret', 1, '2023-04-07 11:14:08', '2023-04-07 11:14:08'),
(67, 'Mikroskil', 1, '2023-04-07 10:21:13', '2023-04-07 10:21:13'),
(67, 'Ndimas', 1, '2023-04-07 11:00:40', '2023-04-07 11:00:40'),
(67, 'Semut', 1, '2023-04-07 10:59:21', '2023-04-07 10:59:21'),
(68, 'Budi', 1, '2023-04-07 11:20:10', '2023-04-07 11:20:10'),
(68, 'Byleth', 1, '2023-04-07 11:09:04', '2023-04-07 11:09:04'),
(68, 'Ester', 1, '2023-04-07 11:30:16', '2023-04-07 11:30:16'),
(68, 'Junior', 1, '2023-04-07 16:16:43', '2023-04-07 16:16:43'),
(68, 'Margaret', 1, '2023-04-07 11:14:07', '2023-04-07 11:14:07'),
(68, 'Ndimas', 1, '2023-04-07 11:00:39', '2023-04-07 11:00:39'),
(68, 'Semut', 1, '2023-04-07 10:59:18', '2023-04-07 10:59:18'),
(68, 'UserBaru', 0, '2023-04-09 15:45:52', '2023-04-09 15:47:01'),
(69, 'Budi', 1, '2023-04-07 11:20:09', '2023-04-07 11:20:09'),
(69, 'Byleth', 1, '2023-04-07 11:09:00', '2023-04-07 11:09:00'),
(69, 'Cici', 1, '2023-04-07 11:26:21', '2023-04-07 11:26:21'),
(69, 'Daisy', 1, '2023-04-07 10:37:14', '2023-04-07 10:37:14'),
(69, 'Ester', 1, '2023-04-07 11:30:15', '2023-04-07 11:30:15'),
(69, 'Kelvin', 1, '2023-04-07 16:17:44', '2023-04-07 16:17:44'),
(69, 'Margaret', 1, '2023-04-07 11:14:03', '2023-04-07 11:14:03'),
(69, 'Ndimas', 1, '2023-04-07 11:00:38', '2023-04-07 11:00:38'),
(69, 'Semut', 1, '2023-04-07 10:59:17', '2023-04-07 10:59:17'),
(70, 'Budi', 1, '2023-04-07 11:20:07', '2023-04-07 11:20:07'),
(70, 'Byleth', 1, '2023-04-07 11:08:58', '2023-04-07 11:08:58'),
(70, 'Cheris', 1, '2023-04-07 11:23:11', '2023-04-07 11:23:11'),
(70, 'Cici', 1, '2023-04-07 11:26:20', '2023-04-07 11:26:20'),
(70, 'Ester', 1, '2023-04-07 11:30:13', '2023-04-07 11:30:13'),
(70, 'Margaret', 1, '2023-04-07 11:14:02', '2023-04-07 11:14:02'),
(70, 'Ndimas', 1, '2023-04-07 11:00:37', '2023-04-07 11:00:37'),
(70, 'Semut', 1, '2023-04-07 10:59:16', '2023-04-07 10:59:16'),
(71, 'Budi', 1, '2023-04-07 11:20:05', '2023-04-07 11:20:05'),
(71, 'Byleth', 1, '2023-04-07 11:08:57', '2023-04-07 11:08:57'),
(71, 'Cheris', 1, '2023-04-07 11:23:10', '2023-04-07 11:23:10'),
(71, 'Cici', 1, '2023-04-07 11:26:18', '2023-04-07 11:26:18'),
(71, 'Doni', 1, '2023-04-07 11:28:22', '2023-04-07 11:28:22'),
(71, 'Ester', 1, '2023-04-07 11:30:12', '2023-04-07 11:30:12'),
(71, 'Firman', 1, '2023-04-07 11:32:21', '2023-04-07 11:32:21'),
(71, 'Francis', 1, '2023-04-07 11:36:55', '2023-04-07 11:36:55'),
(71, 'Gigi', 1, '2023-04-07 11:37:48', '2023-04-07 11:37:48'),
(71, 'Margaret', 1, '2023-04-07 11:14:00', '2023-04-07 11:14:00'),
(71, 'Ndimas', 1, '2023-04-07 11:00:35', '2023-04-07 11:00:35'),
(71, 'Semut', 1, '2023-04-07 10:59:13', '2023-04-07 10:59:13'),
(72, 'Budi', 1, '2023-04-07 11:20:03', '2023-04-07 11:20:03'),
(72, 'Byleth', 1, '2023-04-07 11:08:54', '2023-04-07 11:08:54'),
(72, 'Cici', 1, '2023-04-07 11:26:17', '2023-04-07 11:26:17'),
(72, 'Ester', 1, '2023-04-07 11:30:11', '2023-04-07 11:30:11'),
(72, 'Francis', 1, '2023-04-07 11:36:50', '2023-04-07 11:36:50'),
(72, 'Gigi', 1, '2023-04-07 11:37:47', '2023-04-07 11:37:47'),
(72, 'Margaret', 1, '2023-04-07 11:13:59', '2023-04-07 11:13:59'),
(72, 'Ndimas', 1, '2023-04-07 11:00:32', '2023-04-07 11:00:32'),
(72, 'Semut', 1, '2023-04-07 10:59:11', '2023-04-07 10:59:11'),
(73, 'Budi', 1, '2023-04-07 11:20:02', '2023-04-07 11:20:02'),
(73, 'Byleth', 1, '2023-04-07 11:08:53', '2023-04-07 11:08:53'),
(73, 'Doni', 1, '2023-04-07 11:28:17', '2023-04-07 11:28:17'),
(73, 'Ester', 1, '2023-04-07 11:30:09', '2023-04-07 11:30:09'),
(73, 'Francis', 1, '2023-04-07 11:36:48', '2023-04-07 11:36:48'),
(73, 'Gigi', 1, '2023-04-07 11:37:45', '2023-04-07 11:37:45'),
(73, 'Margaret', 1, '2023-04-07 11:13:58', '2023-04-07 11:13:58'),
(73, 'Ndimas', 1, '2023-04-07 11:00:30', '2023-04-07 11:00:30'),
(74, 'Budi', 1, '2023-04-07 11:20:00', '2023-04-07 11:20:00'),
(74, 'Byleth', 1, '2023-04-07 11:08:52', '2023-04-07 11:08:52'),
(74, 'Ester', 1, '2023-04-07 11:30:08', '2023-04-07 11:30:08'),
(74, 'Firman', 1, '2023-04-07 11:32:03', '2023-04-07 11:32:03'),
(74, 'Francis', 1, '2023-04-07 11:36:46', '2023-04-07 11:36:46'),
(74, 'Gigi', 1, '2023-04-07 11:37:40', '2023-04-07 11:37:40'),
(74, 'Margaret', 1, '2023-04-07 11:13:56', '2023-04-07 11:13:56'),
(74, 'Ndimas', 1, '2023-04-07 11:00:29', '2023-04-07 11:00:29'),
(75, 'Andi', 1, '2023-04-07 11:19:23', '2023-04-07 11:19:23'),
(75, 'Budi', 1, '2023-04-07 11:19:59', '2023-04-07 11:19:59'),
(75, 'Byleth', 1, '2023-04-07 11:04:45', '2023-04-07 11:04:45'),
(75, 'Ester', 1, '2023-04-07 11:30:07', '2023-04-07 11:30:07'),
(75, 'Firman', 1, '2023-04-07 11:32:02', '2023-04-07 11:32:02'),
(75, 'Gigi', 1, '2023-04-07 11:37:39', '2023-04-07 11:37:39'),
(75, 'Margaret', 1, '2023-04-07 11:13:54', '2023-04-07 11:13:54'),
(75, 'Ndimas', 1, '2023-04-07 11:00:26', '2023-04-07 11:00:26'),
(76, 'Andi', 1, '2023-04-07 11:19:19', '2023-04-07 11:19:19'),
(76, 'Budi', 1, '2023-04-07 11:19:57', '2023-04-07 11:19:57'),
(76, 'Ester', 1, '2023-04-07 11:30:06', '2023-04-07 11:30:06'),
(76, 'Firman', 1, '2023-04-07 11:32:00', '2023-04-07 11:32:00'),
(76, 'Francis', 1, '2023-04-07 11:36:28', '2023-04-07 11:36:28'),
(76, 'Gigi', 1, '2023-04-07 11:37:36', '2023-04-07 11:37:36'),
(76, 'Leonardo', 1, '2023-04-07 16:19:48', '2023-04-07 16:19:48'),
(76, 'Margaret', 1, '2023-04-07 11:13:52', '2023-04-07 11:13:52'),
(77, 'Andi', 1, '2023-04-07 11:19:02', '2023-04-07 11:19:02'),
(77, 'Budi', 1, '2023-04-07 11:19:56', '2023-04-07 11:19:56'),
(77, 'Ester', 1, '2023-04-07 11:30:05', '2023-04-07 11:30:05'),
(77, 'Firman', 1, '2023-04-07 11:31:59', '2023-04-07 11:31:59'),
(77, 'Gigi', 1, '2023-04-07 11:37:30', '2023-04-07 11:37:30'),
(77, 'Leonardo', 1, '2023-04-07 16:19:45', '2023-04-07 16:19:45'),
(77, 'Margaret', 1, '2023-04-07 11:13:50', '2023-04-07 11:13:50'),
(77, 'UserBaru', 0, '2023-04-09 15:45:39', '2023-04-09 15:46:58'),
(78, 'Andi', 1, '2023-04-07 11:18:58', '2023-04-07 11:18:58'),
(78, 'Budi', 1, '2023-04-07 11:19:55', '2023-04-07 11:19:55'),
(78, 'Doni', 1, '2023-04-07 11:28:11', '2023-04-07 11:28:11'),
(78, 'Ester', 1, '2023-04-07 11:30:04', '2023-04-07 11:30:04'),
(78, 'Firman', 1, '2023-04-07 11:31:58', '2023-04-07 11:31:58'),
(78, 'Francis', 1, '2023-04-07 11:36:13', '2023-04-07 11:36:13'),
(78, 'Gigi', 1, '2023-04-07 11:37:27', '2023-04-07 11:37:27'),
(78, 'Leonardo', 1, '2023-04-07 16:19:43', '2023-04-07 16:19:43'),
(78, 'Margaret', 1, '2023-04-07 11:13:44', '2023-04-07 11:13:44'),
(79, 'Andi', 1, '2023-04-07 11:18:56', '2023-04-07 11:18:56'),
(79, 'Budi', 1, '2023-04-07 11:19:53', '2023-04-07 11:19:53'),
(79, 'Byleth', 1, '2023-04-07 16:09:15', '2023-04-07 16:09:15'),
(79, 'Cheris', 1, '2023-04-07 11:20:59', '2023-04-07 11:20:59'),
(79, 'Cici', 1, '2023-04-07 11:26:06', '2023-04-07 11:26:06'),
(79, 'Daisy', 1, '2023-04-07 16:09:53', '2023-04-07 16:09:53'),
(79, 'Doni', 1, '2023-04-07 11:28:10', '2023-04-07 11:28:10'),
(79, 'Ester', 1, '2023-04-07 11:30:02', '2023-04-07 11:30:02'),
(79, 'Firman', 1, '2023-04-07 11:31:56', '2023-04-07 11:31:56'),
(79, 'Francis', 1, '2023-04-07 11:36:12', '2023-04-07 11:36:12'),
(79, 'Gigi', 1, '2023-04-07 11:37:24', '2023-04-07 11:37:24'),
(80, 'Andi', 1, '2023-04-07 11:18:52', '2023-04-07 11:18:52'),
(80, 'Budi', 1, '2023-04-07 11:19:51', '2023-04-07 11:19:51'),
(80, 'Byleth', 1, '2023-04-07 16:09:13', '2023-04-07 16:09:13'),
(80, 'Cheris', 1, '2023-04-07 11:20:55', '2023-04-07 11:20:55'),
(80, 'Cici', 1, '2023-04-07 11:26:02', '2023-04-07 11:26:02'),
(80, 'Daisy', 1, '2023-04-07 16:09:51', '2023-04-07 16:09:51'),
(80, 'Doni', 1, '2023-04-07 11:28:02', '2023-04-07 11:28:02'),
(80, 'Ester', 1, '2023-04-07 11:30:01', '2023-04-07 11:30:01'),
(80, 'Firman', 1, '2023-04-07 11:31:55', '2023-04-07 11:31:55'),
(80, 'Francis', 1, '2023-04-07 11:33:52', '2023-04-07 11:33:52'),
(80, 'Gigi', 1, '2023-04-07 11:37:23', '2023-04-07 11:37:23'),
(81, 'Byleth', 1, '2023-04-07 16:09:12', '2023-04-07 16:09:12'),
(81, 'Daisy', 1, '2023-04-07 16:09:50', '2023-04-07 16:09:50'),
(81, 'Gigi', 1, '2023-04-07 11:37:20', '2023-04-07 11:37:20'),
(81, 'Hansen', 1, '2023-04-07 16:13:10', '2023-04-07 16:13:10'),
(81, 'Kelvin', 1, '2023-04-07 16:17:30', '2023-04-07 16:17:30'),
(81, 'Lala', 1, '2023-04-07 16:18:50', '2023-04-07 16:18:50'),
(81, 'Leonardo', 1, '2023-04-07 16:19:41', '2023-04-07 16:19:41'),
(81, 'Machine', 1, '2023-04-07 16:20:21', '2023-04-07 16:20:21'),
(82, 'Byleth', 1, '2023-04-07 16:09:11', '2023-04-07 16:09:11'),
(82, 'Daisy', 1, '2023-04-07 16:09:49', '2023-04-07 16:09:49'),
(82, 'Gigi', 1, '2023-04-07 11:37:19', '2023-04-07 11:37:19'),
(82, 'Hansen', 1, '2023-04-07 16:13:09', '2023-04-07 16:13:09'),
(82, 'Kelvin', 1, '2023-04-07 16:17:28', '2023-04-07 16:17:28'),
(82, 'Lala', 1, '2023-04-07 16:18:47', '2023-04-07 16:18:47'),
(82, 'Leonardo', 1, '2023-04-07 16:19:39', '2023-04-07 16:19:39'),
(82, 'Machine', 1, '2023-04-07 16:20:19', '2023-04-07 16:20:19'),
(83, 'Byleth', 1, '2023-04-07 16:09:09', '2023-04-07 16:09:09'),
(83, 'Daisy', 1, '2023-04-07 16:09:48', '2023-04-07 16:09:48'),
(83, 'Gigi', 1, '2023-04-07 11:37:17', '2023-04-07 11:37:17'),
(83, 'Hansen', 1, '2023-04-07 16:13:07', '2023-04-07 16:13:07'),
(83, 'Kelvin', 1, '2023-04-07 16:17:26', '2023-04-07 16:17:26'),
(83, 'Lala', 1, '2023-04-07 16:18:46', '2023-04-07 16:18:46'),
(83, 'Leonardo', 1, '2023-04-07 16:19:37', '2023-04-07 16:19:37'),
(83, 'Machine', 1, '2023-04-07 16:20:17', '2023-04-07 16:20:17'),
(83, 'Margaret', 1, '2023-04-07 16:21:22', '2023-04-07 16:21:22'),
(83, 'Nicholas', 1, '2023-04-08 19:26:17', '2023-04-08 19:26:17'),
(84, 'Irman', 1, '2023-04-07 16:15:17', '2023-04-07 16:15:17'),
(84, 'Junior', 1, '2023-04-07 16:16:20', '2023-04-07 16:16:20'),
(84, 'Kelvin', 1, '2023-04-07 16:17:24', '2023-04-07 16:17:24'),
(84, 'Lala', 1, '2023-04-07 16:18:44', '2023-04-07 16:18:44'),
(84, 'Leonardo', 1, '2023-04-07 16:19:35', '2023-04-07 16:19:35'),
(84, 'Machine', 1, '2023-04-07 16:20:16', '2023-04-07 16:20:16'),
(84, 'Margaret', 1, '2023-04-07 16:21:06', '2023-04-07 16:21:06'),
(84, 'Mikroskil', 1, '2023-04-07 16:21:45', '2023-04-07 16:21:45'),
(84, 'Mimin', 1, '2023-04-07 16:22:28', '2023-04-07 16:22:28'),
(84, 'Nicholas', 0, '2023-04-09 07:26:14', '2023-04-09 07:48:48'),
(85, 'Cheris', 1, '2023-04-07 16:24:21', '2023-04-07 16:24:21'),
(85, 'Nicholas', 1, '2023-04-07 16:24:35', '2023-04-07 16:24:35'),
(85, 'Orman', 1, '2023-04-07 16:23:44', '2023-04-07 16:23:44'),
(85, 'Philip', 1, '2023-04-07 16:24:03', '2023-04-07 16:24:03'),
(85, 'Romano', 1, '2023-04-07 16:24:49', '2023-04-07 16:24:49');

-- --------------------------------------------------------

--
-- Table structure for table `posts`
--

CREATE TABLE `posts` (
  `id` int(11) NOT NULL,
  `username` varchar(255) DEFAULT NULL,
  `imagepath` varchar(255) DEFAULT NULL,
  `description` varchar(255) DEFAULT NULL,
  `createdAt` datetime NOT NULL,
  `updatedAt` datetime NOT NULL,
  `tags` varchar(1000) DEFAULT NULL
) ENGINE=InnoDB DEFAULT CHARSET=utf8mb4 COLLATE=utf8mb4_general_ci;

--
-- Dumping data for table `posts`
--

INSERT INTO `posts` (`id`, `username`, `imagepath`, `description`, `createdAt`, `updatedAt`, `tags`) VALUES
(4, 'Cheris', '/user_data/Cheris/1675160450355.png', 'pohon', '2023-01-31 10:20:50', '2023-04-08 19:08:01', 'nature;tropical;no person'),
(5, 'Cheris', '/user_data/Cheris/1675160481216.jpg', 'bunga yang indah', '2023-01-31 10:21:21', '2023-04-08 19:08:03', 'flower;nature;summer'),
(6, 'Cheris', '/user_data/Cheris/1675160496640.jpg', 'hari ini cuaca nya cerah', '2023-01-31 10:21:36', '2023-04-08 19:07:56', 'no person;outdoors;travel'),
(7, 'Cheris', '/user_data/Cheris/1675160517199.jpg', 'gerhana :)', '2023-01-31 10:21:57', '2023-04-08 19:07:57', 'sky;nature;no person'),
(8, 'Nicholas', '/user_data/Nicholas/1675160554776.png', 'Dapat high score!!', '2023-01-31 10:22:34', '2023-04-08 19:08:05', 'illuminated;neon;illustration'),
(9, 'Nicholas', '/user_data/Nicholas/1675160577848.webp', 'Pengen laptop baru....', '2023-01-31 10:22:57', '2023-04-08 19:11:25', 'internet;computer;technology'),
(10, 'Nicholas', '/user_data/Nicholas/1675160605514.jpg', 'yuk semangat yuk :D', '2023-01-31 10:23:25', '2023-04-08 19:07:56', 'achievement;show;business'),
(11, 'Nicholas', '/user_data/Nicholas/1675160627528.png', 'aku suka biru', '2023-01-31 10:23:47', '2023-04-08 19:11:26', 'woman;man;nature'),
(12, 'Nicholas', '/user_data/Nicholas/1675160677711.webp', 'Liburan dulu coy', '2023-01-31 10:24:37', '2023-04-08 19:11:26', 'lake;water;sunset'),
(13, 'Richard', '/user_data/Richard/1675160727103.jpg', 'Lagi jalan2 nih', '2023-01-31 10:25:27', '2023-04-08 19:11:26', 'landscape;fall;dawn'),
(14, 'Richard', '/user_data/Richard/1675160771943.png', 'Foto tadi pagi :]', '2023-01-31 10:26:11', '2023-04-08 19:08:02', 'nature;flower;sunset'),
(15, 'Richard', '/user_data/Richard/1675160801294.jpg', 'bunga yang indah', '2023-01-31 10:26:41', '2023-04-08 19:07:59', 'nature;sunset;flower'),
(16, 'Richard', '/user_data/Richard/1675160839639.webp', 'pengen ke sini :oc', '2023-01-31 10:27:19', '2023-04-08 19:07:58', 'water;beach;landscape'),
(17, 'Budi', '/user_data/Budi/1675160937758.png', 'ntar kita jalan2 ke sini ya gaes', '2023-01-31 10:28:57', '2023-04-08 19:08:16', 'beach;water;ocean'),
(18, 'Budi', '/user_data/Budi/1675160986791.jpg', 'masa katanya aku anak pungut dr hutan :(', '2023-01-31 10:29:46', '2023-04-08 19:07:58', 'wood;mist;fog'),
(19, 'Budi', '/user_data/Budi/1675161011555.jpg', 'balik ke tempat aku di pungut', '2023-01-31 10:30:11', '2023-04-08 19:12:07', 'wood;tree;landscape'),
(20, 'Andi', '/user_data/Andi/1675161085851.jpg', 'aku belajar berenang di sini', '2023-01-31 10:31:25', '2023-04-08 19:11:25', 'waterfall;nature;water'),
(21, 'Andi', '/user_data/Andi/1675161107025.jpg', 'aku punya gelang baru', '2023-01-31 10:31:47', '2023-04-08 19:07:58', 'no person;bright;nature'),
(22, 'Andi', '/user_data/Andi/1675161132255.jpg', 'pengen tapi bokek', '2023-01-31 10:32:12', '2023-04-08 19:07:57', 'paper;no person;indoors'),
(23, 'Cici', '/user_data/Cici/1675161272805.jpg', 'mau di jual', '2023-01-31 10:34:32', '2023-04-08 19:08:01', 'wood;no person;retro'),
(24, 'Cici', '/user_data/Cici/1675161294874.webp', 'bunga bunga nan indah', '2023-01-31 10:34:54', '2023-04-08 19:07:59', 'nature;flower;no person'),
(26, 'Gigi', '/user_data/Gigi/1680854301656.jpeg', 'Damai', '2023-04-07 07:54:48', '2023-04-08 19:11:25', 'fall;leaf;nature'),
(27, 'Gigi', '/user_data/Gigi/1680854103998.jpeg', 'Green Nature', '2023-04-07 07:55:04', '2023-04-08 19:07:56', 'nature;agriculture;field'),
(28, 'Gigi', '/user_data/Gigi/1680854231604.jpeg', 'Calm', '2023-04-07 07:57:11', '2023-04-08 19:07:56', 'H2O;drop;rain'),
(29, 'Firman', '/user_data/Firman/1680854540883.jpeg', 'Main Balon', '2023-04-07 08:02:20', '2023-04-08 19:07:56', 'mountain;sky;no person'),
(30, 'Firman', '/user_data/Firman/1680854551589.jpeg', '', '2023-04-07 08:02:31', '2023-04-08 19:07:56', 'cloud;panoramic;grass'),
(31, 'Firman', '/user_data/Firman/1680854570157.jpeg', 'Fine Wood', '2023-04-07 08:02:50', '2023-04-08 19:07:56', 'wooden;wood;old'),
(32, 'Irman', '/user_data/Irman/1680856086544.jpeg', 'Butter And Fly', '2023-04-07 08:28:06', '2023-04-08 19:07:56', 'butterfly;no person;insect'),
(33, 'Irman', '/user_data/Irman/1680856119900.jpeg', 'Home', '2023-04-07 08:28:39', '2023-04-08 19:07:57', 'house;home;lawn'),
(34, 'Irman', '/user_data/Irman/1680856154488.jpeg', 'I\'m Brown', '2023-04-07 08:29:14', '2023-04-08 19:11:25', 'wildlife;nature;mammal'),
(35, 'Kelvin', '/user_data/Kelvin/1680856957709.jpeg', 'Dream Home', '2023-04-07 08:42:37', '2023-04-08 19:11:25', 'house;architecture;luxury'),
(36, 'Kelvin', '/user_data/Kelvin/1680857178622.jpeg', 'Pinky', '2023-04-07 08:46:18', '2023-04-08 19:08:02', 'lotus;flower;flora'),
(37, 'Kelvin', '/user_data/Kelvin/1680857209619.jpeg', 'StayCation', '2023-04-07 08:46:49', '2023-04-08 19:07:56', 'bedroom;house;indoors'),
(40, 'Lala', '/user_data/Lala/1680857698115.jpeg', 'Beauty Outside', '2023-04-07 08:54:58', '2023-04-08 19:11:25', 'flower;flora;nature'),
(41, 'Lala', '/user_data/Lala/1680857732210.jpeg', 'White beauty', '2023-04-07 08:55:32', '2023-04-08 19:07:56', 'flower;nature;flora'),
(42, 'Lala', '/user_data/Lala/1680858111819.jpeg', 'Chrismas', '2023-04-07 09:01:51', '2023-04-08 19:11:25', 'christmas tree;Christmas;decoration'),
(43, 'Lala', '/user_data/Lala/1680858140896.jpeg', 'Lukisan ', '2023-04-07 09:02:20', '2023-04-08 19:11:24', 'nature;illustration;landscape'),
(44, 'Lala', '/user_data/Lala/1680858155935.jpeg', 'Lukisan2', '2023-04-07 09:02:35', '2023-04-08 19:11:25', 'field;agriculture;farmhouse'),
(45, 'Mimin', '/user_data/Mimin/1680858366187.jpeg', 'Angsa manis', '2023-04-07 09:06:06', '2023-04-08 19:07:56', 'bird;nature;outdoors'),
(46, 'Mimin', '/user_data/Mimin/1680858391581.jpeg', 'Nature Paint', '2023-04-07 09:06:31', '2023-04-08 19:11:25', 'water;landscape;panoramic'),
(47, 'Mimin', '/user_data/Mimin/1680858435717.jpeg', 'Paint3', '2023-04-07 09:07:15', '2023-04-08 19:07:56', 'art;creativity;illustration'),
(48, 'Orman', '/user_data/Orman/1680858955474.jpeg', 'Coffee Art', '2023-04-07 09:15:55', '2023-04-08 19:11:25', 'coffee;drink;espresso'),
(49, 'Orman', '/user_data/Orman/1680858972751.jpeg', 'Coffee Time', '2023-04-07 09:16:12', '2023-04-08 19:11:25', 'coffee;drink;espresso'),
(50, 'Orman', '/user_data/Orman/1680859031385.jpeg', 'Love Of Art', '2023-04-07 09:17:11', '2023-04-08 19:11:25', 'wood;wooden;drink'),
(51, 'Philip', '/user_data/Philip/1680859538738.jpeg', 'Cutie', '2023-04-07 09:25:38', '2023-04-08 19:07:56', 'cat;cute;kitten'),
(52, 'Philip', '/user_data/Philip/1680859557731.jpeg', 'Culture', '2023-04-07 09:25:57', '2023-04-08 19:11:25', 'building;architecture;travel'),
(53, 'Philip', '/user_data/Philip/1680859578083.jpeg', 'Art Of Culture', '2023-04-07 09:26:18', '2023-04-08 19:11:25', 'architecture;building;no person'),
(54, 'Leonardo', '/user_data/Leonardo/1680860088644.png', 'My beloved <3', '2023-04-07 09:34:48', '2023-04-08 19:07:59', 'cute;grass;dog'),
(55, 'Leonardo', '/user_data/Leonardo/1680860110241.png', ':) enak seger', '2023-04-07 09:35:10', '2023-04-08 19:07:59', 'beer;no person;foam'),
(56, 'Junior', '/user_data/Junior/1680860814334.png', 'santai dulu g sih', '2023-04-07 09:46:54', '2023-04-08 19:07:58', 'coffee;cup;caffeine'),
(57, 'Romano', '/user_data/Romano/1680860962262.png', 'KOCHENG', '2023-04-07 09:49:22', '2023-04-08 19:08:07', 'cat;cute;pet'),
(58, 'Romano', '/user_data/Romano/1680861007939.png', ':p enak gais', '2023-04-07 09:50:07', '2023-04-08 19:08:01', 'lunch;no person;dinner'),
(59, 'Firman', '/user_data/Firman/1680861309084.png', 'HI GUYS!!!', '2023-04-07 09:55:09', '2023-04-08 19:07:58', 'cat;eye;cute'),
(60, 'Firman', '/user_data/Firman/1680861327066.png', 'Unyu UwU', '2023-04-07 09:55:27', '2023-04-08 19:08:10', 'cat;pet;kitten'),
(61, 'Machine', '/user_data/Machine/1680861720063.png', '', '2023-04-07 10:02:00', '2023-04-08 19:07:59', 'cute;dog;pet'),
(62, 'Machine', '/user_data/Machine/1680861735870.png', 'anjing siapa nih', '2023-04-07 10:02:15', '2023-04-08 19:08:06', 'dog;canine;mammal'),
(63, 'Machine', '/user_data/Machine/1680861757989.png', ':pc', '2023-04-07 10:02:37', '2023-04-08 19:07:59', 'dog;no person;studio'),
(64, 'Sylvain', '/user_data/Sylvain/1680862002296.png', 'ini ayam atau kuda', '2023-04-07 10:06:42', '2023-04-08 19:07:59', 'goose;duck;bird'),
(65, 'Sylvain', '/user_data/Sylvain/1680862151149.png', 'enak banget', '2023-04-07 10:09:11', '2023-04-08 19:08:11', 'lettuce;no person;bread'),
(66, 'Sylvain', '/user_data/Sylvain/1680862184196.png', 'mukbang', '2023-04-07 10:09:44', '2023-04-08 19:08:03', 'sandwich;tomato;bread'),
(67, 'Sylvain', '/user_data/Sylvain/1680862530776.png', 'mixue', '2023-04-07 10:15:30', '2023-04-08 19:08:00', 'icee;cornet;cone'),
(68, 'Mikroskil', '/user_data/Mikroskil/1680863124054.png', 'hehehe', '2023-04-07 10:25:24', '2023-04-08 19:08:10', 'woman;man;people'),
(69, 'Mikroskil', '/user_data/Mikroskil/1680863216636.png', 'penuh prestasi', '2023-04-07 10:26:56', '2023-04-08 19:08:06', 'people;woman;achievement'),
(70, 'Daisy', '/user_data/Daisy/1680863977923.png', 'lope lope', '2023-04-07 10:39:37', '2023-04-08 19:08:07', 'duck;poultry;bird'),
(71, 'Daisy', '/user_data/Daisy/1680864035280.png', 'Kesayangan ku', '2023-04-07 10:40:35', '2023-04-08 19:08:00', 'bird;wildlife;animal'),
(72, 'Daisy', '/user_data/Daisy/1680864174339.png', 'BEMBEK', '2023-04-07 10:42:54', '2023-04-08 19:08:03', 'bird;duck;mallard'),
(73, 'Semut', '/user_data/Semut/1680864919083.png', 'pengen :(', '2023-04-07 10:55:19', '2023-04-08 19:08:01', 'car;vehicle;drive'),
(74, 'Semut', '/user_data/Semut/1680865044266.png', 'pengen mobil baru :\'(', '2023-04-07 10:57:24', '2023-04-08 19:07:59', 'car;vehicle;sedan'),
(75, 'Semut', '/user_data/Semut/1680865143682.png', 'akhirnya kebeli mobil ini, gambarnya :v', '2023-04-07 10:59:03', '2023-04-08 19:07:58', 'car;vehicle;automotive'),
(76, 'Byleth', '/user_data/Byleth/1680865556522.png', 'laper guys', '2023-04-07 11:05:56', '2023-04-08 19:07:58', 'cream;cake;no person'),
(77, 'Byleth', '/user_data/Byleth/1680865625265.png', 'Makan terus', '2023-04-07 11:07:05', '2023-04-08 19:08:01', 'chocolate;no person;sweet'),
(78, 'Byleth', '/user_data/Byleth/1680865718873.png', 'Pacarku', '2023-04-07 11:08:38', '2023-04-08 19:08:11', 'chocolate;cream;dark'),
(79, 'Margaret', '/user_data/Margaret/1680866214289.png', '<3', '2023-04-07 11:16:54', '2023-04-08 19:07:59', 'rose;flower;no person'),
(80, 'Margaret', '/user_data/Margaret/1680866251360.png', 'rosey', '2023-04-07 11:17:31', '2023-04-08 19:07:59', 'rose;flower;love'),
(81, 'Francis', '/user_data/Francis/1680867320329.png', 'Mixue', '2023-04-07 11:35:20', '2023-04-08 19:07:59', 'icee;cornet;cone'),
(82, 'Francis', '/user_data/Francis/1680867340240.png', '', '2023-04-07 11:35:40', '2023-04-08 19:07:59', 'no person;nature;leaf'),
(83, 'Francis', '/user_data/Francis/1680867349304.png', '', '2023-04-07 11:35:49', '2023-04-08 19:11:26', 'cream;cake;no person'),
(84, 'Hansen', '/user_data/Hansen/1680884036625.png', ' buat pacarku nih', '2023-04-07 16:13:56', '2023-04-08 19:08:07', 'dress;fashion;elegant'),
(85, 'Ndimas', '/user_data/Ndimas/1680884608463.png', 'Makan enak kita hari ini', '2023-04-07 16:23:28', '2023-04-08 19:08:01', 'pizza;dinner;no person');

-- --------------------------------------------------------

--
-- Table structure for table `users`
--

CREATE TABLE `users` (
  `username` varchar(255) NOT NULL,
  `password` varchar(255) DEFAULT NULL,
  `email` varchar(255) DEFAULT NULL,
  `birthday` varchar(255) DEFAULT NULL,
  `name` varchar(255) DEFAULT NULL,
  `city` varchar(255) DEFAULT NULL,
  `phone` varchar(255) DEFAULT NULL,
  `gender` varchar(255) DEFAULT NULL,
  `relationship` varchar(255) DEFAULT NULL,
  `profile` varchar(255) DEFAULT '/image/DefaultProfile.jpg',
  `createdAt` datetime NOT NULL,
  `updatedAt` datetime NOT NULL,
  `privacy` varchar(255) DEFAULT 'Public'
) ENGINE=InnoDB DEFAULT CHARSET=utf8mb4 COLLATE=utf8mb4_general_ci;

--
-- Dumping data for table `users`
--

INSERT INTO `users` (`username`, `password`, `email`, `birthday`, `name`, `city`, `phone`, `gender`, `relationship`, `profile`, `createdAt`, `updatedAt`, `privacy`) VALUES
('Andi', '677d9cee0bfaab37f7735997a277bc20', 'Andi@gmail.com', '2003-01-21', 'Andi Ganteng', 'Aceh', NULL, 'Male', 'Single', '/user_data/Andi/1675161403423.webp', '2023-01-31 10:30:32', '2023-02-20 01:40:15', 'Public'),
('Budi', '819ff8a2cb0ffdb89220fe06e1d352f6', 'Budi@gmail.com', '2015-01-05', 'Budi', 'Paris', NULL, 'Male', 'Single', '/user_data/Budi/1675160891564.jpeg', '2023-01-31 10:27:49', '2023-01-31 10:37:54', 'Public'),
('Byleth', '4620def30c48e9e609fadd5797d69e47', 'Byleth@gmail.com', '2003-09-15', 'Byleth', NULL, NULL, 'Female', NULL, '/user_data/Byleth/1680865515114.png', '2023-04-07 11:04:22', '2023-04-07 11:05:21', 'Public'),
('Cheris', 'c66d7bac85e974599a2227623714f964', 'Cheris@gmail.com', '2005-02-28', 'Cheris', NULL, NULL, NULL, NULL, '/user_data/Cheris/1675109539393.jpeg', '2023-01-30 16:47:24', '2023-01-30 20:12:19', 'Public'),
('Cici', '072b61aad020d91c0102cca6d7e31269', 'Cici@gmail.com', '2002-12-07', 'Cici', 'Medan', NULL, 'Female', 'Single', '/user_data/Cici/1675161357999.jpg', '2023-01-31 10:34:14', '2023-02-21 10:57:49', 'Private'),
('Daisy', '04354ec5a573cdfbcc41f1bea5cd2094', 'Daisy@gmail.com', '1994-11-26', 'Daisy', NULL, NULL, 'Female', 'In Relationship', '/user_data/Daisy/1680863938897.png', '2023-04-07 10:37:08', '2023-04-07 10:39:13', 'Public'),
('Doni', '559b1fc32e9511fac05ba036367efd09', 'Doni123@gmail.com', '2010-01-01', 'Doni', NULL, NULL, 'Male', NULL, '/user_data/Doni/1680866929973.jpg', '2023-02-09 14:20:25', '2023-04-07 11:28:55', 'Private'),
('Ester', '88eec9d421983aacb146812c52426d9b', 'Ester@gmail.com', '2004-02-13', 'Ester', NULL, NULL, 'Male', 'In Relationship', '/user_data/Ester/1680860305861.png', '2023-02-13 13:06:39', '2023-04-07 09:38:31', 'Public'),
('Firman', '76802a873ae7a6c3127cde7f8f97bf6c', 'Firman123', '2003-01-31', 'Firman', NULL, NULL, NULL, NULL, '/user_data/Firman/1680855111361.jpeg', '2023-04-07 08:01:41', '2023-04-07 08:11:51', 'Public'),
('Francis', '914aed51c83f3356509f17fd1d6baa62', 'Francis@gmail.com', '2003-07-13', 'Francis', NULL, NULL, 'Male', NULL, '/user_data/Francis/1680867292660.jpg', '2023-02-13 13:07:43', '2023-04-07 11:34:56', 'Public'),
('Gigi', 'c62e26c919d160b7c1e51baba0831978', 'Gigi@gmail.com', '2002-12-05', 'Gigi', 'medan', '0545134545', 'Male', 'Single', '/user_data/Gigi/1680854978632.jpeg', '2023-04-07 07:41:53', '2023-04-07 08:09:38', 'Public'),
('Hansen', 'e467fc0ad8ada21713166a343d07dd89', 'Hansen@gmail.com', '2003-01-12', 'Hansen', NULL, NULL, NULL, NULL, '/user_data/Hansen/1680854912855.jpeg', '2023-04-07 08:05:02', '2023-04-07 08:08:32', 'Public'),
('Irman', '66029e1b93bfe61ff43910d15fc2ca58', 'Irman@gmail.com', '2003-05-11', 'Irman', NULL, NULL, NULL, NULL, '/user_data/Irman/1680855684581.jpeg', '2023-04-07 08:20:13', '2023-04-07 08:21:24', 'Public'),
('Junior', 'a41cad75ccfccb3c355907aa4f27b419', 'Junior@gmail.com', '2004-07-05', 'Junior', 'Delitua', '0897455544', 'Male', 'Single', '/user_data/Junior/1680856339444.jpeg', '2023-04-07 08:30:10', '2023-04-07 08:32:36', 'Public'),
('Kelvin', '9e7d384657314c5ae2933423559f5648', 'kelvin@gmail.com', '2004-06-08', 'Kelvin', 'Delitua', '0897454657', 'Male', 'In Relationship', '/user_data/Kelvin/1680856861435.jpeg', '2023-04-07 08:33:06', '2023-04-07 08:41:18', 'Public'),
('Lala', 'f6d40a771f6a66292c42a1b90fae30cb', 'Lala@gmail.com', '2003-07-19', 'Lala', 'medan', '0867889444', 'Female', 'Single', '/user_data/Lala/1680857624765.jpeg', '2023-04-07 08:51:00', '2023-04-07 08:54:00', 'Public'),
('Leonardo', '8ffa0f68790b8abdb1be135783ae3189', 'Leonardo@gmail.com', '1995-06-06', 'Leonardo', NULL, NULL, NULL, NULL, '/user_data/Leonardo/1680862812469.png', '2023-04-07 09:33:14', '2023-04-07 10:20:15', 'Public'),
('Machine', '14437be56441aae7ef4e8975ad7215d8', 'Machine@gmail.com', '2023-04-07', 'Machine', NULL, NULL, 'Male', 'Single', '/user_data/Machine/1680861703905.png', '2023-04-07 10:01:19', '2023-04-07 10:01:49', 'Public'),
('Margaret', '0581be8ae799ed50e0c018d13296a78c', 'Margaret@gmail.com', '2006-03-09', 'Margaret', 'Medan', NULL, 'Female', NULL, '/user_data/Margaret/1680866172017.png', '2023-04-07 11:13:41', '2023-04-07 16:21:18', 'Public'),
('Mikroskil', '81afa856e43de54311bcaa35b17a8bd0', 'Mikroskil@gmail.com', '2001-12-30', 'Mikroskil', 'Medan', NULL, NULL, NULL, '/user_data/Mikroskil/1680863074427.png', '2023-04-07 10:21:09', '2023-04-07 10:24:45', 'Public'),
('Mimin', '6e9044125256190657fcd25471063c3a', 'Mimin@gmail.com', '2002-05-30', 'Mimin', 'Kisaran', '0879456231', 'Male', 'In Relationship', '/user_data/Mimin/1680858471623.jpeg', '2023-04-07 09:03:58', '2023-04-07 09:08:13', 'Public'),
('Ndimas', 'b74641e838bca254f086258b8847797f', 'Ndimas@gmail.com', '2007-11-07', 'Ndimas', NULL, NULL, 'Male', 'Single', '/user_data/Ndimas/1680865277956.png', '2023-04-07 11:00:17', '2023-04-07 11:01:27', 'Public'),
('Nicholas', 'f59d96306d7f5ce458912dcba6aa71b7', 'Nicholas@gmail.com', '2006-02-28', 'Nicholas', 'Medan', '08xx-xxxx-0001', 'Male', 'Single', '/user_data/Nicholas/1675147829663.jpg', '2023-01-30 16:42:19', '2023-02-19 14:29:48', 'Public'),
('Orman', '2bbfac04b3c78540e550e69029ec23c2', 'Orman123', '2003-12-02', 'Orman', 'Binjai', '086544455', 'Male', 'Single', '/user_data/Orman/1680858634443.jpeg', '2023-04-07 09:09:56', '2023-04-07 09:10:50', 'Public'),
('Philip', '3119713939cb0f47d33727181074a449', 'philip@gmail.com', '2002-05-13', 'Philip', 'medan', '0875955566', 'Male', 'In Relationship', '/user_data/Philip/1680859414128.jpeg', '2023-04-07 09:21:42', '2023-04-07 09:23:51', 'Public'),
('Richard', '61a97e5bdc2667996b3a79c43a50fb15', 'Richard@gmail.com', '2008-07-17', 'Richard', NULL, NULL, NULL, NULL, '/user_data/Richard/1675111248616.jpeg', '2023-01-30 16:48:12', '2023-02-21 10:58:24', 'Private'),
('Romano', '3119207caed9bb234aa1994cec7b1c56', 'Romano@gmail.com', '2003-08-08', 'Romano', 'aceh', NULL, 'Male', 'In Relationship', '/user_data/Romano/1680884738541.png', '2023-04-07 09:40:32', '2023-04-07 16:25:40', 'Private'),
('Semut', '3e4ddfe654514bb62de12e56bc9548fb', 'Semut@gmail.com', '2000-01-07', 'Semut', NULL, NULL, NULL, NULL, '/image/DefaultProfile.jpg', '2023-04-07 10:50:49', '2023-04-07 10:50:49', 'Public'),
('Sylvain', '237ac2e4cc0ddc5aa35a36d95f5c78fb', 'Sylvain@gmail.com', '1987-02-07', 'Sylvain', NULL, NULL, NULL, NULL, '/user_data/Sylvain/1680862080358.png', '2023-04-07 10:04:39', '2023-04-07 10:08:00', 'Public'),
('UserBaru', '35f77bd217e7c32eb83ba224883dc87e', 'UserBaru@gmail.com', '2023-04-17', 'UserBaru', NULL, NULL, NULL, NULL, '/image/DefaultProfile.jpg', '2023-04-09 15:45:22', '2023-04-09 15:45:22', 'Public');

--
-- Indexes for dumped tables
--

--
-- Indexes for table `bookmarks`
--
ALTER TABLE `bookmarks`
  ADD PRIMARY KEY (`id`,`username`),
  ADD KEY `username` (`username`);

--
-- Indexes for table `friends`
--
ALTER TABLE `friends`
  ADD PRIMARY KEY (`id`),
  ADD KEY `user1` (`user1`),
  ADD KEY `user2` (`user2`);

--
-- Indexes for table `historys`
--
ALTER TABLE `historys`
  ADD PRIMARY KEY (`id`),
  ADD KEY `username` (`username`),
  ADD KEY `historys_ibfk_2` (`post_id`);

--
-- Indexes for table `likes`
--
ALTER TABLE `likes`
  ADD PRIMARY KEY (`id`,`username`),
  ADD KEY `username` (`username`);

--
-- Indexes for table `posts`
--
ALTER TABLE `posts`
  ADD PRIMARY KEY (`id`),
  ADD KEY `posts_ibfk_1` (`username`);

--
-- Indexes for table `users`
--
ALTER TABLE `users`
  ADD PRIMARY KEY (`username`);

--
-- AUTO_INCREMENT for dumped tables
--

--
-- AUTO_INCREMENT for table `friends`
--
ALTER TABLE `friends`
  MODIFY `id` int(11) NOT NULL AUTO_INCREMENT, AUTO_INCREMENT=217;

--
-- AUTO_INCREMENT for table `historys`
--
ALTER TABLE `historys`
  MODIFY `id` int(11) NOT NULL AUTO_INCREMENT, AUTO_INCREMENT=590;

--
-- AUTO_INCREMENT for table `posts`
--
ALTER TABLE `posts`
  MODIFY `id` int(11) NOT NULL AUTO_INCREMENT, AUTO_INCREMENT=86;

--
-- Constraints for dumped tables
--

--
-- Constraints for table `bookmarks`
--
ALTER TABLE `bookmarks`
  ADD CONSTRAINT `bookmarks_ibfk_1` FOREIGN KEY (`id`) REFERENCES `posts` (`id`) ON DELETE CASCADE,
  ADD CONSTRAINT `bookmarks_ibfk_2` FOREIGN KEY (`username`) REFERENCES `users` (`username`);

--
-- Constraints for table `friends`
--
ALTER TABLE `friends`
  ADD CONSTRAINT `friends_ibfk_1` FOREIGN KEY (`user1`) REFERENCES `users` (`username`),
  ADD CONSTRAINT `friends_ibfk_2` FOREIGN KEY (`user2`) REFERENCES `users` (`username`);

--
-- Constraints for table `historys`
--
ALTER TABLE `historys`
  ADD CONSTRAINT `historys_ibfk_1` FOREIGN KEY (`username`) REFERENCES `users` (`username`),
  ADD CONSTRAINT `historys_ibfk_2` FOREIGN KEY (`post_id`) REFERENCES `posts` (`id`) ON DELETE CASCADE;

--
-- Constraints for table `likes`
--
ALTER TABLE `likes`
  ADD CONSTRAINT `likes_ibfk_1` FOREIGN KEY (`id`) REFERENCES `posts` (`id`) ON DELETE CASCADE,
  ADD CONSTRAINT `likes_ibfk_2` FOREIGN KEY (`username`) REFERENCES `users` (`username`);

--
-- Constraints for table `posts`
--
ALTER TABLE `posts`
  ADD CONSTRAINT `posts_ibfk_1` FOREIGN KEY (`username`) REFERENCES `users` (`username`);
COMMIT;

/*!40101 SET CHARACTER_SET_CLIENT=@OLD_CHARACTER_SET_CLIENT */;
/*!40101 SET CHARACTER_SET_RESULTS=@OLD_CHARACTER_SET_RESULTS */;
/*!40101 SET COLLATION_CONNECTION=@OLD_COLLATION_CONNECTION */;
